Sample_ID,Source,Organism,Sequence_Length,GC_Content_Pct,MW_gMol,Sequence
CONTROL-INS-01,NCBI (NM_000207),H. sapiens,465,63.87,143536.0,AGCCCTCCAGGACAGGCTGCATCAGAAGAGGCCATCAAGCAGATCACTGTCCTTCTGCCATGGCCCTGTGGATGCGCCTCCTGCCCCTGCTGGCGCTGCTGGCCCTCTGGGGACCTGACCCAGCCGCAGCCTTTGTGAACCAACACCTGTGCGGCTCACACCTGGTGGAAGCTCTCTACCTAGTGTGCGGGGAACGAGGCTTCTTCTACACACCCAAGACCCGCCGGGAGGCAGAGGACCTGCAGGTGGGGCAGGTGGAGCTGGGCGGGGGCCCTGGTGCAGGCAGCCTGCAGCCCTTGGCCCTGGAGGGGTCCCTGCAGAAGCGTGGCATTGTGGAACAATGCTGTACCAGCATCTGCTCCCTCTACCAGCTGGAGAACTACTGCAACTAGACGCAGCCCGCAGGCAGCCCCACACCCGCCGCCTCCTGCACCGAGAGAGATGGAATAAAGCCCTTGAACCAGC
MOCK-001,Synthetic_Generator,D. rerio,111,48.65,34283.2,GTATAAATCCCCCAGCGTGAACCAGTTTAACTTATAGGGGTACTACCGTAGTAACCCCCAGCACAGATCTATTGGTACTGAGCAGAATTCGCAGCGAAATCGCCTGTACGC
MOCK-002,Synthetic_Generator,B. subtilis,483,53.21,149310.6,CGTAATGGGGGGGTTCCTCGGCGTCCCCGTATGTCTTTCGGTCGTGAGAGATGCGACCGGACACAACCCCAGATGACACAGTTCCCATTTCCCATATCTCTCATGGCGTACTCCATCACGTAGACAAGAACTCGTCATTTCGGGGAATTGGGGGGGTTTAAACACGCATGCGTGGTGCACTTTATATCGAGTGTGTAATTGGGCGCATGAGAGCATCTGGTAGATTGGGGCATTGTCTCAGCCCAGCGATCGCTTAGTAGATAACTTGTTCTACAGGGGATGGCCAACCGCCCCAATGATCGCGATCCGTACAATTGGCTAAAAGACTTGTCAAGTCTGGTTGTTCTACTGGCAGGAGTGGCCGTCTTCTTCCTAACATCAACCGCAGGCCGTGACCTCCTAACCGCATGGCCTGCGTTATCATTGTTAACCCTAGTCGCGTTGACGCACGCAAGCTTACGATGCGTCGGGGCCGCGTTTGTA
MOCK-003,Synthetic_Generator,B. subtilis,786,46.82,242532.2,GACCAATTAGATGCCACCCTGTGCGTTGCAGAGAATGAGACGAGGAACTTAAGTTCGTTCCCCTTTTTCTCTTAGCCGCTTTTGAACTCCGTGCAGCCCGAGAGAGATGCTCCCGGGAGCGATGCAGATGTCAAAGTAGCTGGGGAGAAAGAGACCGTAACTACAAGGGGCGGTTGTTAGGAAGCCGTCCGCAGCCCCCTAATCCCTTCATAATTGTTAGGAAGCCTAGTGACTATTAACCGATACCGTCCTATCACCTAATTATGCAGTTTGCTTTTTATTCTTTAAGCCAGCCTTTACTCCCCGCGGCACACTAGAGAAATGCGATAGGTGCTTCCACATGAGCGAGTCCTTCAGATAGAAGTCGCGTCATTTTCCCGATGGTGTCTCAAGGTAAGAATAATCTTGACATGCCATAGTGCCCATGTTTTCCCTGTTAATGGGGTAAATCCGTATTAGGCTCTTGCAAAAGGAACATAGCGACAATAAACTCTCACAGTCACGTTTTACGTATACTCTCATCTACCTATTTTCCCTCTAGGCCTGGCTAGAGCTGCGATACTCAACACGCCTCGCGTCCATTAGTTTAGGGATACACGAAACCGCTCAGGCACGGCATCATCCAGAAGGGATACTTGCAGACTATATCGTTAGAGCGTTGCCAGTCGACCGCATCCGGTTGAGTTGTTAGTTAGAAATCGCGCCATGTCATAATCATATATAAAATGCTTCTGGATCTAAGAGAAATCGCACCTTACAAAGATGCCCTTAGAGTTCATAATTGGA
MOCK-004,Synthetic_Generator,S. cerevisiae,978,50.51,302510.6,AGGACCGCGCTGTGTGATCAGACAAGCACACAGCGGTCGCAGCGGCCAGGAGAGATCATGCCTCGAACGGGAGATAGCTGACTTAACTGTAGTACAGAGGTTGAGCCATGGCCGTATTCGTTCCGAAGTCTGTAATCCAGGGCAGCGGCTCAATGGTCATGCCCAGCGAAAGGCTGGAGGCGCACACAGGGCCCCCTTGAAATTCCTAAGGGATTCCATTAAAACCCCGAGTAAAAAACGATAAATGTCAGGCCAAAGCTATGTAACACCGGCACATGGTCAGCTCTGCATGATCTAGTGGCATTTGTCAAGTTATCTAGATTACAAATCGTATCGTTGCCAACGATGTGTTCCTGCTCGAATCAATATAGGCAATTCCCTCTCGCAGTTTTTCCGCTAGAAACCTACTGGGCGTCCTGTCCTTTGCTAGCCCTCCACGTGGAGGTGCCTTGATTCTGTGCGGGTCAAGATGTAGTGCTATCACAAATTTTTTAAAAGTTCGCGGGAGCGCTCGGCCCCATTAACGGAATTCATGCCTGTCCGGGCTTGCCAGGCTTGCTAAGGGTAGAGACATGCAGGCCGAGCGGATGAAGTGTCATCAATAGCGGGAGGATACCCGGCGCCATTAAGGTTCGGGGATATGATCAGCCAACCCTCAGGCGTGAGCGTTAATCGTGTTATAACACTACTGAACGTATACCTGCTAGATTATTCGTGTGCATACGATACGCAGACTGGAGAATGCGAGGGACCTCCTGGCACCGACAGATAGTTTGCAAGGAACTTTCCAGGTACGCTTATCGGTCCCCGGTTAGTTGGAGATGATTCATCCATGGGACTGCTACAATCTACTTGGCAGACACTTGGACCAGTACTCTTAGAGCTCACAGTTTAAATAATTTCCGACCTTCCGAGATCATACCGATATGGAATTCCTGCTGTCCCTGAGCAAACTAAATGGTGGATCGTCCTCTGTCG
MOCK-005,Synthetic_Generator,B. subtilis,101,54.46,31087.2,AGTTGTCAGTGCCCCTATAGTTGTCCTACTCCGGAATACTGCAGCAGCTACGAACCACATATTCCGAACCGCTCTCCTGAGGCCGCGTGGTGTACTCGACT
MOCK-006,Synthetic_Generator,S. cerevisiae,430,49.77,132562.0,TCCCTCCAAGCTTATCACATGTCTTTCCACATCAGCAGGGATGGTGCGCTGGTGTTACGCGCCTGAAACCGTCCTGTGACAGACTTAATTATAGGCAGTTCTTAAACGCGAATAAGAATAGGCCTACCAGAGGCCTTCCAAATATAGTCTCTTTCTCCTGTACGACACTGGCTACGGTTAGGACACCGCCTCTCACCCGTGCGTTACACGAGAGTATCACCGTAGGACACATGCCAGAGTGCACACGCGCGGCCGGTAATAATATTAGGCTTTAACAGTGTGTTACCCAGTAATTAGTTTGAGTGCTGTCGTAAGCTCCGCATCGGTCCGTAGACTTTCATCCGAAGGCCCTGCGTTTTCAGAGCCAACGATGGAGGTCTGACTCATCTCTTGTCGAGAATACCCATACTGCACTTGTTCGTTGAACGAT
MOCK-007,Synthetic_Generator,E. coli,717,51.05,221309.4,CTGGGAATAATCGCGATAGTCTACAAGTGGCCACGACGCTCTGACATATTATCGGTGCGTATCGTATGCCTACCTCAAGACCCTGCTCCCGGCTGACTCTTGCATGGGTAGTGAGGAGAACCCACGACAGCAGGTATTCTCCTCTTACAGAAAAATTAACAGGTTTTTTCCACGCTCGCCACTCTGATACCCTGCAGTCAACTTATTAACCAAATCATAGACGAAGCAAGAAGATTGCCTCAGGCATTGGCCCTGGGGTGGCTCATTGGCACCCGTTACTCGTTTGTATATGACGGAGACGTTCTAGCGAATTTAGTCATGTTATCTCCAACGATCCATGGTCCTGTGGCCGCATCATCATACCCCTTCCAACGCGGGCCCACTCGAAGGATAGCAGGCTCTCGCAATTCGTATGGTGCAGCCAAGTGATGGATATGCCGGCTCCAGTTGAGTCGGTATAGTGATTGTTACTGTTGCCTCGAGACAGGGTGTACCAGGCTCCAGTGGAGTCTGTGCCCTTGTTATCGAGCTGCATAAGTTCTGTGCTTGCATGGTTAAGCGTCATGATCCCGACCCGTTCCCATATGTTTGACATCGGGGCCATGAGGAATCAGGTTAGCGGCGGATTCCGCAGCTTCAATCGTCTTTGTAGGATCCCATATGCAGCATGAATCTCGTAAATCGTATCGTACGGTCCTACTGTGGCCTTCGGAGACC
MOCK-008,Synthetic_Generator,D. rerio,748,48.93,230995.6,GCCAGACACTAAATTTTCGGGCTAACTCAATTAGAGCTGTCGGTAGGATTTGTTACACGAGGAAATAATACTAAGGGTTTTAATCCCACAATTATTTTGCGGGTTGTTATCGCGAGACGGCAAGGAGAAGGTTTCATCTCATTACGGTGCGTGTTACGGTCACCTTGCGGAAATCACGACCTTAGTTCTGCAAGTTCGTTTACAGCCTTTTCAACACCCTCGAGCATAACGCGCCGCAGCCTCTAATTCTTCAGAGCTATTGAACAAGATCGGAATCGCCGTGAGGAGAAGTTGCCACACAAGACTTATGTTGTGCTATCCCCACACAAGGTTTGGGAATTGTAAAGTATTCTCCCATGCCTGTTGAGTTTACGACGAGTTTGGAGCTAAAGGATCTGCCTCAATAACTGAGGAACGAACTTTTGGAGTGAGATCGCAGTTAACGACAGCCTTGGTAGAGCGGGTCATTTACTAGCGCTTCCACGGCCTGCGCCGTGTTGTTCCAAACATGGTACGCGGCGATTCCGTGCCGGTAAACTAAACAACGCCCGGCCCGGGGCACTTCACCCTGCGAGCGCGTTCGCCGGCAAGTGACATCCTAAAGATAGGTTTCCTTACTGCTGCCGTTACCGTAACATGCTATTACATCCTTTTGAGCGGCGGAACATTTCTTGGGAATCATAAACTTTTACCCCGGTTCTAATCAGTACCACGGAGGAAGTACGACTACCTCGGACCCCGGTTCTTC
MOCK-009,Synthetic_Generator,B. subtilis,986,49.09,304012.2,TACATGGTGACCGGCCCAGGTGCGTCCCCGCACGCTTTTTGATAGTAGTCGAACTTTCTGTTACAAATAGTGTCGGTTAGTTCAGTTCTGTTACATCCGAGACGAGCAGCCGCGCCATCTTCAATGAGCTCTCTTATTGCACTTTAATGTAGTACTGAACGGCAGCCACACTGAGGAGTCGGTCTATACTACTGCAACGGCAATCCAAGACTCGCACTAATGTTCGGGGGACGGCAGCGATGTCCGGATCATGGAGTCAATTCCACAACCACAGTAGAGCATCATAGGGGAGAACCGAAGATATTTGACTCGTTCTTGTACACACTCACTGAAGTTCATCGTCATTCTCATGAAGACCTTATGGACGCTTATCTGCATATACTTTGTTTGTTTTTTCCGTGTCCCCGAGACGGCAGAGCTCGCGTTGTTGGTTACGGAACCGACGGGAACTCAAGGCCGGTGTATGTACGTCGTCAGAGTTCGCTGAGCAGAGTTCTCAACGGCAACAGTTTCTATCACCTACTACTACGCCTTCCATTTCACTAACAGTATATCATGGTCCCCTTACTGGATTCGTGACACGCTCACAGTATAATCATAAAGCTGGGTGCTTTTGCGCTATTTCCGGCGCCGCACGAGGTAGGGGTGGCATTAAGCACTCAACCAGAGGCCGGCCGGCGTTATCGGAGTGGTTGGATACATTTATAGTGAGCCCTTTCCTGCGGCTTGTTCTCTAACTCGCTTGCATCGATATCCGGCGCTACCCTGTCATGACTCGCAATGCGCTTTCACTTCAACCTGTGATGGCCTCCGGCAAGTGTGACTTTGGACATAATCAAGAAATAGTTCAAAACTACATGACCACTTTTAATGCAGAGTCGGTGGAACCCCCTGTTGTGTAAAGTTTTGCTTTGCAATTTACGATCTCCAACCCGGACTCTGAAGTGGCTATCCACTGTTTTTAGTATCTCGCCCGACCAGAACTC
MOCK-010,Synthetic_Generator,B. subtilis,365,47.4,113204.0,GGTAGTTTGGAGGAAGCTCAGTCAGCATGCCAGACGGTATTGTGGCAGAGGTTTCGACTACCGCGTTCTGGATGCATTGGAAAGTAGGCCTAAAGAGCGCAGTAATCTATAGGCATAGTTAGTGTTCTTTAAGAAGGGCGAACTAGGGCGATGCGTGCCACCAATAATCAACAAAGAACTTCACTCGTTCCTATAGCAACAGTTTGGCACGTGTACAACCTAGACGCCGTTTCAATCCGGGGGTAATGTCATGGATATGGACGGACAACGATAGTGCTGAGATTTTCTCGAATAACCACTGCCCGATCAGGAAAGAGCTACTACATTCATAGACAGTGTAACCTTTACCCTGTACCCGGATCTGA
MOCK-011,Synthetic_Generator,E. coli,337,50.74,104417.4,ACTGTTGAACCCTCATTGACTGACCGGCTGTAAACGAAGACGATCATAAGAAACTTAGCGGACATCATCAAGAGACCATGCCGCGGGTGGTCGGGCTCTGCCGTTGGGCAGGCAAAAACGCCGAAGGAGTTTATCGTGACATACCTGTTAGGAACCGCTTCCGATTAAATCTTACGGGGGGCTTATCTCCATTCAGTCAATGGAATTTGCAACGGAGACGGCTGAATTAATCATCGTAAAATCCGACCTGGCTCTGCGATATTCGCGCGCCAGCAACGTGTGTAACGGGCAGGTGGACCATGAAGACTCATAAAACCGTTACTAGAGCTCTCCGGGA
MOCK-012,Synthetic_Generator,B. subtilis,747,47.52,230932.4,GTCGAAAGCTAGTTAGCCGTTCGGAGGCGGCGTCCGCCGATGTATGAGAGGTGGGCTGTACACAGTTCTTTTCATACACTAAAGCTACTTTGAGCACGGCGAAGAGTCCTAGATTCACGCGAGTACGAAGGTTCATGGATCATGTGCGGGAAGATAACGGACCAAGCATTCTGACAATCCGATTTCGTCACCTAGCGCCTTCTTGAATGCCCGCATTCCTTAGGAAAGAGCGCGCGACTACAGTAACGATATCGGTTCGTATAATGGTATATGACCTCCTAGAGGTCCGATTTGCCCCAAACATGAAATCGAAGCTTACCTTTTCCTCTCGACTGCCGCGTTGTGCAATACTTAGCCGATGTGCACAGCCGGCCCAAGCAAGCCACACTGATTCCGGGCAGTAACCACAATAGAACTGCAAGGTCGGACTAGATTTTTTATGTTCCAGATACTTATAGTTTTCGGCGAAGACTGACTTTAGGAGACATAAACACCTCGTGAACGTGACTTAGGCCTTATGCACTCTCGTTTACACGCATTATTCGATCAGGACATAGAACGCATTACTGAGTCCCCCGGAATTGTTGAGATACTTAACTGCTTTGGACTTTGGTGGCTGGATACTGTTTAAGCACTTTACGAACGGGGGCGGTCTTATTTAGGGGGAATCGAGCGTGTAGATATTATCCATAGCTAACCTTAGTGCTTCGACCTTCTTTGTATGATCCGCAAATAGCTGTGCGTATT
MOCK-013,Synthetic_Generator,E. coli,642,48.91,198133.4,CATAAGCTTTCAGACGTCGTGGAAAGCCACAAGTTAATAAAGAATCAGGCGCAAGCGAATATCCGTAAACCCTGTTACGCCGTTTCCCGGAACGACTCACCGTGACTTAGCAGCTTATACCTCAGTATATCGCTATTGAGTCATGACAAGATGGATCCCAAGCCCGAGCATAGACCCGACACTTGGGCGGAGCTAAGAACAAGAGGTCTCCATCAAACGCATTCGGAGCACCAGGTTAAAATGGGCCTGCCCCGTTCGCCTAGTCCCAGACCTTATAAAATTTCTTATAAATGACCGTCCGGGCCCTTCGTGTCTTATGGCCTGAGGGAGTGATGTGCATTTCCTACAGTCCAATCAGCAAGTAACCCAAAAAAACCCTTAATTAAACCTAGTTGGTGGTACTCTGGGGACCCAATCCGCCACATTTAATGTTTAAGGCGGTTGTCGCCTCGGCCCTACTATTGGTACCCTAAGCAGCCCTTTAGCCTTGCGCTTACGGCCTAAGTAGGAGCTCGGGTGGGAGAGCAGATCCAGGACGTGCGGCCAAAACCTAGCCTAACATACAGCAAGCTTTTGTCGAAAGATTTGTGGTAATAATGGCTTTGCTTTCAGGTTGTCCACGTGTTAAACTATAGACCGTTC
MOCK-014,Synthetic_Generator,E. coli,112,55.36,34768.4,GTTCGCCGTCAGCACACGGCTATTAGGGTGCAGGCGTCCCAGGTCGGTGACCTTTCCTTAAGGAAGATGCTCTCTGGAGATCCTAGCCCGGGTTGTTACAATAGTTGGTAGC
MOCK-015,Synthetic_Generator,S. cerevisiae,851,48.65,262214.2,AGATGGATTTCCCGCCGTGCACGTGAGTCGGCCCGTTTTCATTAGTTTCATTGCGATAGTAGATTGCATAGTTTCCGTGTGGCCTTCCTTGTTTGTTTCCAGGGTCTTCCTGACTATTCTCATTCTAAGAGCACGAAATCGGATAGCATCTCCAGCTGTTCTGACAGTAGCGCTCGAGACCACACCAACGACCAACAACCACCGCCCACAAACCCGTAATTATAGTCAAGGCGGCGAAGTCTTTTGGCCATGCTCCCGTACTCATCTCTTCTTTACCCTTGAGTTTACGACCTTGTCCTTCGCACAACTGAATACCGATGGCGTCACATTGCGGCCATCCTTGTAGTTATTATATGCGGGGTACGAATGCGCGCACAACCCCCCAATCACTGCTTAGTTACCAAATAGCTGTCATGGATTCCGCAAGCCGTAGGTTTCGGTATACCGTGGACTGAATCATCGAGCTCTCAGCCACGAGCTTTCTGATTGGTAGACGTTGAGGTTGCAATTAATGACCGTCTCTGAGACCCACTGTCTTCTTACCAATTACTAAAGACAGCTAGCTTACTACCAAATGACACCCCAGTGCTACCTGCAATAATTGGTCCGCGACGAGCCTAGGGGGATTACATTAGGCACTTAATTGTGTTGCGCAGTGAATGTTTTGATGGAGGCCTGGCATATTGGACCCAGACATATAGACCTAGGGTAGGTAACCCTCCTTCCGAATATGCGTACGTTGACCTTATGCTCAGCTTTTGGTTGCTCCGGCCGTCAATACCGTGTTGTTAGCATTGGCTAGCTGATTCGTCAAAAATCAGGAGCGAGTCATTACAACGGGCTATTGGAAC
MOCK-016,Synthetic_Generator,B. subtilis,658,50.46,203484.6,CGGATGATCGCGTCAGGATTACTACTTTCCCGCTTCCGAACTCATGTGTGATGCTGACGTGAGCTTGGATTCTGTGTATTTACCACTGACGTCTTTTAAAAGGCGTGGGGAGGGCTCCGTAGACTCGGCCAACAACCCCACCTCGGTTGAGCATCCGGCCAGCCCCACATTGGTCGGAACACTCTACGTAATCTGCCACGATAGGGCAGAGGAACCGGTTTATAATAAGCCCGAAGAAGTTATGTTCATGCTCCCGTTAACATTTAGTGTTGATGGGAAGTGTCCCGGTTATGCCGATGTAGAGTATGCCCTCACACTTAGAGAATACTTCAGTACGACCTGGAACAGAAGCGTCTATGAATCATTCTTCCCTCTTTGCAGTTCTACTGCCACTCGTCAATACAGCGGTTCAGAGTCGCGCATCAGACAGCGGAAAGCTATACAAAACTGAAGTCACATCTTTATCGAACCGTTGCTTCTGGGTCTGCGTGGAGTCGGCCTTGACGGATTTCGCTGGTTCAAGCGGGGGGCTGTAGGCCACTTACGATCGCAGAAATAAAACCAGGCAAAACATTTTACGGTCTCTTTCGGGACGCCATAGCAAAGTTGTAGAGTTTGATGCGCGATTTTGGTCCAGGCCGACGGGGGCTATCAAGAC
MOCK-017,Synthetic_Generator,E. coli,977,48.41,302279.4,GCTTGCTCCTGGACCGTGACTATTGTGATTGGTATCCAGCTAGCCGACCCTATTCGGTCGGTTTACTTCTTGTGTGCCGATTAATTTTGATTGAATGATATTCTATAACGAGAGGGTAGTACATCTCTGGCGGAGCGTGTCGGGAAGAGACTTCTTGTAGCAACACGGCTTCATAGGCGTAGACCTTGGCAGACTATAGGTGGATTAATTGTGATAAAGGGCTGATCACGTTGTGGGGTTGGTCACCAATCAATCTCCTCGTCTAAGAATCAGGATTGGCCAGTCTCTCCCGCTGAAAGATCTTTGGGAACTTTGACTAGATGGTTTTCAATTTAATCAAATAGAACAAAGTGGGCTTGCGCCCGAGCCTCGCGATCTCGCATGAGCCATCCTGCTGGCCTGCACGGGTATCAGCGGTTTCTCAATGTTCAGTTCAGCTGGTCGCGCGAAGTCTTTCCATCTCCTAAACCTCAGGCCCTTTCTGCAATTAATCTGACTTTGGGGGAGGGTCTTGTGGGGTGCTTCAGGAATGTATATGGGTAAGTGGTATCCTAGATCCAAGGCCCTCTAGCCTTCCTCTAGCGGTGCGTGACTTGAATCGCAACAGTGGTGCTTCGCCCTGATGCAAGTTAATCGTTTCGCAGAGCGGCAACATACTGACAGCACGTGTATATTTACCCGCACCTTAGGTAGATGTGCGCCCTGCGGGTTTAATGAGTGTAATACCTCGACGACGCTTTGGTACTTGACGGTCCCTGCCAGTAGTCAATCAGCATTCAGTTATTGGTATCGCGTACGCAGAAATGTCATCGTTCTCTCATATCAGGTTGGCCATGCGTAAATACTGGGGGCCTAATATAGTAATGCCAACCTGACCTATTACCTAGATATGCTCGTGAACCAATCAAACTAAGATGTGCCAAAGGCAGAGTACACTGGGGTCTATAGGTAGGAATCGATTTACGCAACAGCAGTAG
MOCK-018,Synthetic_Generator,E. coli,315,45.08,97360.0,TTTAGTCTTAACTTCGTTCCGGCTGTACCCGACCGGGGTTATCAAAGCTAACTCGTACAAATTCAATTACTTGTCATGTCATAGAGGAAGGTTAACAGAGGGGGCCCCTTAAAAACTCTAGGGCCATACATACATAGGACATTAGAACCATTAATCCGACTTAGGACTTGTCGCAGTGCGGGAAAAGATGATGAAATCAGGCTCACTTTAGTAAAAATGAACTACTACTGATGTTATACATTGGTACCATCGCCAGCGTACCTAGTTCATGCTAGAGCTCACCGCACGCTGCGTGCATATTGAACGGACCGCCTG
MOCK-019,Synthetic_Generator,B. subtilis,212,50.94,65577.4,CTCCCGGACCTCATGCCTATTCACTTACCAAGATAAGACCAATGTCTTGTTTAAGTTGAGGTACTGCTAAAGATTTAGCCAAGGTGGCCGGTTAACACCTGGTCGACGTAATAGGAGTGCGTTACGCTGGCGTGACCACCAACCGCTGAACGACACAGTGGTAGTTTAACCGGGATCTCTCGTGCTAAAGCGTCCGTCGGCGTTGCAATCAG
MOCK-020,Synthetic_Generator,B. subtilis,245,48.16,75489.0,ACCCGGCTCAGTGTTCTACATTAACCGTTTGCGTGAAACTAGTGTTTGTACAGACTTGATGTTATGCAGAGACCTGAGATCCGCGGAGTTGCAGCACAGTAACGAGTGCTCCCATATGCTTACTTGATGGCACTAAATCATGTAGCTCGCCCCCGCGCATAATCTGGATAAGTTCCTATCTTGACGACCGATGTGTAACTTTCTCCCCCCCTCGAAAGATTTGGGGAATTCCTTAGAACCCACTC
MOCK-021,Synthetic_Generator,S. cerevisiae,778,52.7,240001.6,GGTGTCCCGGCATCTTGGGATTCTTCCCAATTTATAAATAGTTGTGTCCGTGCCCCCTACCAGAACCCCGGCAGCGCAGAAGTAGACTTTCAGTAGCCTGGTTTAGGCTCTTTGCTCAGTTCCGCTCCCTAGATAATTCTGTCCGAAGGTACGTTGCATCCGTTCCGCCTGTCCGCCACCGACACTTCAAAGCCTCAGTTAGTATACCTCGTTGGGTTTATGTATTGAGTAGTTCTCAATCTAGGCACGACGGTATCTTTCGGCTTGAGACTGATGAGGGCTGTCCCTCAGCTTGTATTACCGTCTGCCAGCACCCGGTAACTCAAGTGACAGACCGGGGGTCCACTCAATGATTGTGGGAGCGGCGATAGTGATTCGAGTGTTGACGCACATGTAGAGAGTAGGGAGAGGCGGGGCTCCTGCATGACAGCTGTTGTCGCAATCTTTGCTATTCCCGCGGGGTTCGTCCTTCTATGAAATTTATAAAGCACCCTTAAACACGCTAATGGCGGCCTGATCGGAAAGGTTAGTGGAAGGAAGATGCCCTGTTGACGTTAATCAGTGCCTCCAGCTTGATTCTATTATCGAGCGGGTCCCCATTAACCACATCTACTCCACTCCGATCCCCCGAAAACGTGGATGGGTTAACGGGCGAACGAATCACCCGGACGGGCTGGTGTACCTATATGTCCCAGGCTCCCTTCTACCCCCTCTAGCCGTAGTTACGGAGTGTATCTAAGTTGCAGCCAGACGGGCATCGCTTACCCTCGACCGACTC
MOCK-022,Synthetic_Generator,E. coli,486,48.35,150621.2,CCCGCAGTCAAACTGCTAAGCTGTATACACAAATTCTAATGCCCATGGTAGGGTTGGTCTTTGGCCGCGCTGTATCTTCTTCCGCTCATTGACATGCAGCTGAGAGAGTGGTTTTATCATCATGCATTTAAAAGTTGCCATACCAGAGGGGAAGTGGGCAACGCGCCTGTATATCTTACTTTCTTCAGGTGTCTGCCGCCGGGCCGGAGTTTCGTCGGTCACTAGATCTTAATAGGTGCGCATATAGAATGTTCGGGGGGCTTTATTCGACCTCTCGTATTACGACAGCAGTAACTTGTTGCGGGTAGTCCACCAAAAGCTGCATCTGATCAAACCTTATATGAATCAAGCTTATTGGTTTTAAGCGTAGACTGATGTGAGCGGTTATCATCGCAGAGTCGGTCGAATGGCGTAGGCCAGCGTGTGACAGGCTCCTTGCTCACTTGGTATAGCTAAAAAAGTAAGATGGGATTCCGGGAACGGTGG
MOCK-023,Synthetic_Generator,E. coli,728,46.57,224740.6,GTATAGCGCCGCCCCCTTCCATTGAAACATAGAAATGCATATTTAGGACTAGACATAGACCCGTGGGCTCCGTTGATGCCTAACGCCTGTTAACTTCCGACACCCAGATATTCAAGAGATTCTCCCTAAAGGCCGAGTATATAGTGGAGAGGGTAACAAATTAAGACACAACTTTACCTTTAACTTGACGCTGCAACGCCTGTAACGACCGACCCTGCACCTACGAGGGAGAGAACTATGGGGCGGAGTATCGGACGGCTTTGATGTACTCACCACTTCTCATTTACCGAGCTATTTCCGTGAAAAAGTCATCACAAGGCCGCATTGTCTTTCCCGGAATTTTTTTTAGAACGGGTCCTAATCATAGTTGATCCAGCATTACTACATAGCACTCACAGATGTCATGCGCAGGAGGGTGGGGGGCTAGCAGAGCTTCACTTTTGTAATGTAACCTGGTAGTACTCTGTAACGCGCAAGTACCGCCGTACATATAGAGTAGCCGACACTATTTAAGGTGCACTAGGTAGGACCGTTATGGACCAGTAGAGATAACTATTAAATCTCGGAATATCCGGAGAAATTCCGTCGGCATCACATTCTGAATGAGCGTATATCCCCTATTAAATCCGTCAGAGGTGTCCACTCAAATCCACCTAAAGTATCCCTAACTTATCTGTTCGCTTAGGTCCGCCCGAAAATCGAGCTTTTGTATGGGATTTGAGGCCAGC
MOCK-024,Synthetic_Generator,D. rerio,721,50.07,222359.2,AGTTACCTCGTGGCCCATAACCTGGGAGAAGCATTCACATTCGGGGGGCAGTTCCAGTTGTAATAACAACCTTAAATCTACTTGCAGTCGTGGACGTCCAGAGGCGTAAGCGATTGACTAGCACAAGTGGTTTGAGCATACATGCCTGGGTGGTACGCAAAGGTAGTTTACCGAGCTTTTGACGTTGTGTGAACTCCCGTCTCGCTGGGACTTGGTTCGTCGAACGTAACACGCTCTCCAATGGGTGCACCCGCCATTATCAGGTGACCTCTGTCCTTACGAGTTTCTCCACGTCTCACCACGTACATCTTTTTCTGAGTTAAAATTCGAACTGCGACCGACACTTACTCTATTTCGGTAAGGGCCAGGGACGCCAGCCCTACTCCGGTCATTTCAGGGTATGCAAGATCCTAATATTTTGAGACGTACTACTAACCGCACACCTAGGGTGGCAATACCGAACCACCAAGTCTCAATTCACAGAGACCCCCTACGTCCCAAAATCTCGTATGATACGTGATGACCACATTCCAACGTAACCGTACAAGAATGGAACCGAACAACCATATGTCTCGCCTGGAAGTGTTTGTGGCCCACCACACCCCGGGTACTTAAGCCGGATTTTGTTCCTATAAATGGTCCGTATACTGTGAAAACGCAGCGGCGGCAGTTTGTCTCAATGCAAGAGTAGAAATAGCCGCGCGGAGGAGTCCTTGCCCAA
MOCK-025,Synthetic_Generator,D. rerio,456,50.66,140889.2,GCTCCTAAGGAACATTCTACTAGGACGATTGGGATTGACTAAATCCAGTTCCTAAATTATTTATTCGCTTGCCGTCTTAAACACACACTGGGCCCCACGTACCGAATGTTAGGCGGTGAGGACGATCAACGGGCCGGCACACAACCTTGGATCCCGGAAGCTAAGGGAGCGTGATGAAGAGATATTAACAAGTGAAGTCATGGCTCCCCTACAGGCAATTATGAGCACTGTTCGAGCAACTTAACCGAGACCCTTCCCGTGTGCGCCGCCTACTTATGGCCCGACGCCTGGAGCATAAGCTGCAGTTCATTTGTTAATCTACCGCACAAGGAACCGATATTAGTCAGCTGCCGCAGGGTGTAAGATAGAATTTAATCATCTGCCCACTGACCCGTTGGGAAGCGCATCCGATGTAGGATGCCATGTCTGGCGCCTTACTACTAAGCGTCACAGACG
MOCK-026,Synthetic_Generator,B. subtilis,185,51.89,56908.0,GCGCGGCCGCTGTACGCGTAAAGACGTTACCGCTTGCGAAGGCAGGCGCACCCTCGCATCAAACCAAGATTTCCACCCTTTGAAGGTAACCCCTAACGCAGGTGTCAAACTGAATCCTTTATAGAATGCCATTCTCTGCGTTACCGGATACACACGGTCAGTTCCCGACGAACTACTTTCACATA
MOCK-027,Synthetic_Generator,D. rerio,903,50.83,279027.6,ATTACTCCGTTCAATCCGTATCATGGAACGACATTTGCATACTCCTTTGGCATGTGAACCTCTCGCGTTGCACGGTGGAGAGTGCCTGAAGCACGAGGGGATGTGAGATAGAGTAGCTGTCGCCAAATTTATACCTAGCAACCGCCAATAGTCCCGTATTTTCCCCCTGCATATCTCATGAGACACGGAGCCAACAATCCATTCGTTTCCTGCTCGCGGAGCCGGGAGGATACTCTAGGGTCCTTAGGCCTGAGCAAGGTAAGATAATGACAGCTATTACTCGGGTGAAAGTAGCTCTTCACACGTAATTGCTCAGACACCCGCACGTAAGAGCGTCCTCAGACGGCCGTCTTCTGTGGAGGGACGCACTGAAAGAAAGTTTACGCGATACTTCAGACGCAGTAAGCTTACACCCTAGTTTGCGCATCCCTTGGAAGTTATCCCATCGGTATACACCCTGCGTGTCTAAACTTCACCTATGTAAAAAGCAGGATTCAATAACGTAATCAGATTATTTTGTGCTGTACGGGACTTGGAGGTTCCAGGCAACACGAGGACATACCCAGCCCAAGCGAATCTCAGTATTAAGTTACGATATGCAGCATGGGTATCTCACGGTGACACGAGTATGTTTGTCACACGGACTCGACCGCGCTCGGGGGTCAGGGTATACGCTTCCCCGAAGCGTGGAGTAGCATCAACTCCTGGACTAGTCAGGCACAGACGTTACGGCGGTAGTGCGTCAGCGTAGGATCTCCTATGTTCTTTATAAGGATTACATTCGCTGGACATAAAGCTTCTGAGTTACCGGCACACCCAAGGTGCTAAAGGGAGTACGGGATCCGGCGCTGTGGCACAGCTAGACCGCTATCCACCGGCAGAAACTGTACTGATTATCCGCCC
MOCK-028,Synthetic_Generator,S. cerevisiae,814,47.79,251670.8,AACTACCCTTGCACGGGGGACCTCGTTGTCGGGGCAAATAGTTAAACGCCCTGGGTAGGACTGCTGTTATTTGTTTACTAATTAGCCTGAGCTCTTTCTATAGTGATTCCTGTCTCACGTCCTTCGTGAGGTGCGTAGATCCAGTCCCGCACTTGACGGGATCGTCGTAAACCTCAATTAGACTTTATACGTTCGTAGCCTCGGTAGGATCCGTAGGAGCTGCCCTAGCCGCATACTGTTTCTGCAATTGCGTCGAATTGTCCCATTCAGTGGCGGTACTAACTGTCCTTGCGTCATATGATTTCCTGTCACATAGCAGTCAGGGCTTTTAATCGGCTCAGAGACCCATGTCGTAGAGATTAGGTAGCACGGTCCCACGTGTGTGCATCATGAGTCTTAAAGATCGTTGTTCGTGCTAATTAAGCCAGCAAGGGAGGCCCCTATCACCATATAACGAGTTTGTCCTTCACCACTCTAGGGCAGTATATCCAACCGTTACAACGATTCTCGGGTGTAAGGTAGAGAATAAAGTACCCATCTATATGATTGCATCCCGCCTTTAAATGGTGAACGGGGTGTATGCATGATCGGTCTGCGGCTATGGGATGATAGCTGCGTTTGGACACCTTGGAAACTAATACACGCGGTGCTAAGTTACTGGGGCTACGTGGGTAAAGGAGGCCGTTAATGAAACCTGCCGATGTACTCTGAGTCAGCACCATCGGGATGTTGTATTAGTAAGAAAGACAGACCCTGTTTAGCCTCGATTTGGCCGGACATTATTCTCCAAGTATTCTTATTAGATTAGCCTTAA
MOCK-029,Synthetic_Generator,B. subtilis,630,50.95,194407.0,TATCCGAAACGGCAACCTGCGGTACTCGCGCAACCCTACAAAGGCACGCTTTTTTAACATTTCGGTTGGGAAGCCGCAATTTTCCCCCAGGGAGGATATGCTCCAAATATTGCGTGGTCACTTAGCATGACTTATAGAACCGACCTTGTCAACTTCCTGACGGCGTGAGAGAACACAAGCACCCATAATATCTGATCAGAGTACTTAAAAGGACCTGCTGGTAAACGAACTCTCGCTTGCTATCCCAATCTACCCGACACAGGGCCTATGACCGACGTATAAGGATGGAAGCCCAAGGTGGATTCATTTGGCATCGTAGAAGCACCATCCCCATTGCGTTAGTCGTAGGGCATGATGCTAGCGGCATGTGGGTGATGGCTCATCAGGTCGGTGCTCTAGTTTAGTTCATCCTACGTTAACACGGTGGGGTCTAGAGAACTGACATGCAACACATGTGTAGGATCCCCAACCTAGGAAGTTTCACTCCTGCCACCAATCTATCCTTAAGCCTCGTACCCCGGGTTTCCGGCAATCGCCGGCATATCCTAAGGTGCTGTTGGTGCCAGTTCACAGCTCTGCTCAAGGTGAGTATTCTCGCACATCTCTGGGCCATTCCCGTGTGGTGAGTGA
MOCK-030,Synthetic_Generator,S. cerevisiae,503,51.69,155276.6,TAGGGGAGCTACATCAGCTACCCTCATACACATCGGGTTCGCCGATTGCAACGTTACAATGTTATAATAAGGGGAAACGACAACCTCCATGTGGACCAGTGAGAAAAACGGAGTGTTGCATGTATTTTGCCCTACCCACTGGGGCCACCGCGTCCTGCTATTTTCAGGATCCCTGGACAAGGAGTAGCTACTGTAGGAGCCTATCTTATTGTAACGAATCCCGTTGCGGGTTGGCAGAACTGACGGATGGGGATTCGTGTGTTGGGATCACTGTGATTAAAGCAACATGTTGCCACTCTAAACCAAAAGAAACCGCATGCCAGTGTTGAGCGTCGCTGACCGGCCTCAGGTATTCTCGCCTTCGTCGCCAGGTGCCCAAAGTATAACTTACATTTCGCAACCTGTCCTGCCTGGCGGAGCCCGGCCGCAATTTACCCCCTTGGTAATCCACTAGGAGAATACCCATTTGCCCTCACCGTCGAATAACGGGGGCACAAACATCC
MOCK-031,Synthetic_Generator,D. rerio,562,52.67,173360.4,GAGAGATAACTAACTCTGTCTATCATCGTTAGCATCACTCGCTGCTGCCGCCCGATTCGAACGGCTATCCGCGACCTGGCGTAATGAGTTTCCTCTAGAGAGCTTGACTAAGGGTAAGTCTGTAGTTCAATTTCGTCGCGTACCCGAAATCATGCCTCCACCAGAGGCCATCGTCTCGCCGGTGCCGAAGCGAGGTTTGGAGGTCGTTATACCTCTCAGGGCCCCCGCCTACGCGTAATGGTTGTGCGTGTGTCTAATCCAAGAAATAAGTGCTCGAATCGATAAACTTTGGGGGCGAAGATCGTTATGAGGCTCAGGTACGATACAGGACTACTCCAAATCGTACCCAGTCTCCTGCTAGTCGGACTCTGCTCTGATACTCCTTTGAGTACCTGCAGCCACTCGATGGAACGGATCTCTAATCCAAACTCCTCCACTCAGCACATCTACGTGTGCCCAGGACAAGGGTGAGCCGATGAGTCTTTTATGTGGGCGGCGTTAATCGCATGCGCCGGCGTCCAGCATTCTCGGCTCCGTCGACGACGAACGAAAAATAATCTCA
MOCK-032,Synthetic_Generator,E. coli,874,48.51,270164.8,TTCGGCGGGGACGTGAGGATTTATCGGTCTGTAACTAGGTTCAAGGCGGTACTTCGGCCTTCCGGAATGGTGAGGTGGTACCAAGACGTTCAGTCTCGAATATCTTGCAAAAATTCAGTGATATGCCATCGACATCCACCCCGATGGGGTACACTGTCTCCCATGATCCAAGCATAGTCAATCTACTATTTATGACGTCGGCTGAGAATCATGACCTGTAGGAAAAACAGCAACCATCGCGACAATGGATTTCGTATAGTTCATTTAGCAGGGGAGACAGCGTTCCTCACTATGCCTTGATCAAGTAATCGCGCGCGACTACGCTTATTGGCCGGTCACTAAGAAGTACTCGGTCGTTAATGACAGCGGAATGCAATGCACGCTGGTGTGAGTGTGCGAGTCCCCGTAGTCGTAGATTTGCTATCCGTGCTTGGAGAGATGCAATGCGTTATGTTTAGGCAATCGCTACGCCAATGTAAACTCGAGCCCTTGGTAAGTTCCTCCGATCACCGCTGAATCGGGTTAGTATGGCTGTATTAACACCCTGATGTGCCATCTCTATTGCCAACCGGAGTACTTACGAGTTGAGGATGGGCCGTTGCTCCGGAGTTAATTGAGTCATGTTTACAGGGTTGGTTACCTTTGACTACACATAGACACACCCAACGACGCTATGCGAGACATTATCACTAATACGTGGCCAGTACGTGAGTACTGCGCAATAACCCATAGGATCGGTACAGGCGCCTAACGTATTCTTCCTTCAAGGTCTCGTTGCCTCTTAGCAAGATCAGCACATTGTGTGGAACATACTCATGTTACTCGACGCTCACATTGCTTTGTAATAAGTCGAAGTCTCCGGGAACCCTTTGTC
MOCK-033,Synthetic_Generator,D. rerio,962,48.96,297529.4,GCGTAAATTCGTGCTGGTTCCATTATATGATCTATTCATCGATGAACGTTAGCGGCTCCAGATGCAACTATGGCGCGACGGAGCCGTGAATTGATATACTCTCAGCCCTCTTAGGAGTAGAATGGTTTTTTCGCCTCTGGCGCGACGGTCCGCGAGTTGAAGGCCCTGTCTCATGACAATCTCGTGACAGACAGTGTATGTCCAAGTTGGCCCTTGATAAAAAGGTCTAAAAGAACTAGGATAAAGTGGTAGGTGACGGAAGCATAGAACACCGGCCTTCTCGTGGCAACCGGGTCCCGCAGTCTCAGGTCTAATGGACGGCTGGGAGGGCCCCCATGGCGAATAACGTCCTGCACAAACCCTCATGGTTGTAAGATACGTCTCATTTCCACTCTATTGACGGATTCTGTTCGCGTTTTGTTTAGAGTCGCAGTCCATCCCTAGTATATTATCTGATTACTCACATGCCGCACGTAGATGGCGATATCCGCTGCTCTTCGTAAGAATTAGAGACTTAGAAGATTAGTTGATTGGAATTCTGCACTGCGTTGACCTTTAAGATGGATACGTAAGATGTTCAGACCACGATGGCAAGAAGTTTTAGAGTCACAAGCTACCTGTTCGTATACGGGGTAGTCCCAGCGGGAAACCCATAACCTGCTACCCGCTACTATGTGCCGGTGCGACACCAACATAGGTCGTGTCGTGCATGGAACTTCGGGATGGCGGGCGTAAGTGGTGGATTCGTATATTGAGCCCGTGTTCATCAATCACGTTTAAGCATCGTACAAGTCCGAAGCGTGACGGCTTTCGGGCCTAAGTAATCATTCCCATAGTTAGTCAGTACCCTGGCCGGCCCCATATTCGTTCCCATCGCACTTTGGAATAACATAGGCGATATTTAAGACTCGTCAACATACGTTTCAATGTAGGTGCCTAGGGGCTGTCAAGCCAGTTCTGAA
MOCK-034,Synthetic_Generator,S. cerevisiae,517,50.48,159752.4,GCTTTATTGACGTCCACGGACGCCCCAGTACACCTACAACATTGAAACTTTGATCCATTATTTCGAAAACATGACATAACGGAATCTGTGGACCGGTGCAGAGTTTAAACCAGAAGCGTACTTGCATGCCAGCTCCCCGAAATCACGCGGTACCTCATGATCAGCCTCGTTAATCGGAGCGTTCCGGTCGTGAGAGTCCGGAGGCATCGTCTTCCCTTCGAACGCGGTTAGAACGATTACCGATTAATTGGTAGCCTCACGGCGAACCTAATGCTACGCCGTCCTAGGCGCACGGCACTCAGAAAGCGGGAACTATAAGGATGGGTCTTAGTCCCTATTGGTTAGGGTTTTGTTGATCGCAGAAGTAACGGTGTAGAGGAAACCATAAATTACCCCTGATTTGAGGTTAGTATGTTGAGGGCGGTCTCGGCTTCGTACGGTTGCCCCTCTATGCAACAATCAAAACGAGTGCTAACAGCCACTGCCATGAACAGATTTCCGCAGTGAACCGCGACCC
MOCK-035,Synthetic_Generator,E. coli,913,50.27,282529.6,GGTGTGAGCATTGATTCTGCGCCAGTTCAGTGACTTGGTGTAGCCCAGCGAGATGGTTACCTCGTAGTCGTCGAGAATGGCCGCCGTTGTCGGTTTTGGTCGTTAGAGTTCACCTTCCTTCCATCCACTCCAATGCGATGACTGGGGTAGGCTTACGCCTGGGAGTGAGTAGAACCTTTACAGTGAGGCCCTCTTGGTTGGCACAATTTACCGTTGGCAAGGTTTTGGTAACCTAGGCAAGAATTACACGCCCTGAAGACACCCGTCTTTCCAGCTAGTGCCGTGTCCTTTTCCAATGGCGGTATGGGTATCTGTGAAGAATTATTTAGACTCGAAATAGTAGGACACCTATTTGGGCGTAAAACGTTAGCACCATAACGCATAGTCCACGCGCGTCTTGCAATTGGTCGGGGCTGTATGCAAACTCTATAGGTCGTGAAACCATTAGGGCTTCTTATTCAACACTTGTGAAAGTTGGGCTGGTGAGGTAGTCCACCAATTGCTAGCAAAGCAACTGCACTACAACGCGGCTTCAATCGGGCATCTTGCCGAGGTTTTCGATACTAAATGCATCTCCAGGACATTCGTCGTCGTGAAACCCCTGCCCTTGCTATCACCGTTCTCGACGTTTTTCCAATCTTCCTATGAAGGGCCCCATCATGCAGATGAGAAGGAGTGGGGATGAGGGACTGCAAATTGCTCCTGTTTGCTACTCAAAGGGTGCGGTTTGTCTTGTTCTGCATGAAAGCGCATGGCGCTAGGCTCGTTTAATGTGTCGGGATGGGGTCCGGTAGCTAGGAAAACTTACCAAGTTAAATCTAGTGAACGGAAGTGACCCGGAGAGTGACAGCCAACTTGAACCAAGATCCGACGTAGCTACGCCTTTCCATTGCCTCCGACGCATGACGTTGGA
MOCK-036,Synthetic_Generator,S. cerevisiae,219,47.95,67960.8,TTCCCCCAAGATAGGCAGAGATGCTGCCGTAGTCTAATGATCATTGCCGCTGTTATGAACAGCTTATTGGATGATCTTTGGGCCAGCCAGCCAAGGGTTGCTGCTTAAAGAATAAGACTTGGACATTGATAATGATTCTGTTTAAAGGCACCGTCAGACCGGCCTTCGAAGGGAAATTTAATTTTCCGCATGGTCGCGCTGACTGTGAGGCGCTTTGGG
MOCK-037,Synthetic_Generator,S. cerevisiae,493,50.1,152272.6,GCCTCCTTGTGCAAGAGGGTAGCTGATGTGGGAAATAGGTCAGTGATAGCTGATTCCAATAGTCAGGAGATATACCTCCTTCCGTACATGGTTGGTCGCTATGAATCGTTATTTTCTTTGCGCTAGGCTCTTCATGTACCCCATCAAAAACCGATAGGCCGATAGAATCGAGGTCGTGAAATTGTTAGATTGATTCACTCGGGCTCGTCTTCCCCATCCTCTTTCTAGGACTTAGAGCTAAGACGGCAGGCGCGGTGTTGCGACCGATGTTTACAAGGAAATTCCGTGTCAATTGCGACGTCCCATCGTAATTAAACATACGGGTAACGGAGTAAGTCCAGGGATAAGTTGACGCTATCCCGGTTATCGGTCCTACAGCCACTCCGTATCATTGCTGTAGCGTGAGCCCATCCTTGGCTCAGTGGGTGCCCGAACCCTATCATCTCACGTACGAGGCAGCTCCTGTTTGTGCTAGCGCATCGCCGTCTAACCA
MOCK-038,Synthetic_Generator,D. rerio,782,52.56,241923.4,TTAACTGCGCCCGCGAGACACCCATTGCTATGGAGGGTGGATTAGCTGATGTTCTAAACGTGTAGACCCCGTAGCATGGTCAACACCCAACCAACTAGCCATCCCTCACCATTGCTAGACATGCGATGCCTTCTGTCCGAGAGAATGCCCGCACGCTATAAGAAGAGGGATCGATTGATGACACTAGAGCTACCAAGTCCGTACAGACGTAGGTCTCCCATTAGCCAACTCGTTGCTCGCCTTAGCGGCCCGGAGGATGATTATCGAGCCAGTCACAGATATGAACATTGACATCCTAAGTTCCCAGGATAAGCGTGCCGTTCCGGCTGATAATGCTCAGCCCCTTGTTCACATGAGAAGGGACTATACGGGGAACACCGAATAATCGCGGAAATCTTTACCCAAAGGTAATCGAAGTCGCGAAAGGACTTTAATAATCGGACCACGGGCGAAACCAATTGACGACATGACCACACTTACACGGGGAGGCTTGGAATGGCAACGACGCGAATGGGATGGATGATTGGCTACCGGCCAGGGTCTGCGCGCAGCCTATCGTCTCAGGAAGTCTTGAAGGACCTTTGGACCTTGTGTCTCATTAGTACTCTCTCGATATCGACGGCGTAGACAGTGGAGTACGACCTCTACCAACGCGCGACCGTGGCCAGTAATGCTGACTTTGATGCGAACCTTCGTCGGACGGATTTTAATAGAAAGCGGCCCACCCGCGGGAGAAGAGCGAGGCTAGAGCCTGTTGATTATCAGCCAGACCAGATTGGTGC
MOCK-039,Synthetic_Generator,B. subtilis,902,49.78,279351.4,TGGCTTGACCACTTTAGTCCGGGCAATACGGCCCTGTAATCGAAGAGGTGATTATCTCTTCGACGCATCCATGGCAGTAATGGGCCCTCTACACGGCCGGACACTTTTTTATGACACAAAACGGGGATTCTGGCAGAGGTAGCGCACCGATGTTATCCAATTCTGCGGTATAACCGCACCAAGAATTTTCAGTGCTAAAAACGCATAATTGGATCTTCTGGAGAAGTCCTTATCCTGCATGAGGTCGGTAACACTTCGCCGGATCATTTTGTGTGCTATCTGGGCCTGTTTCAAACGATACACCAGGGTAGAGGGTGATCGTCCTTTGTTACGAGTTAATCTCCACTATGTTAAGAGCACACAGGGCGTCAGCTGGAGCCCGTTCCTGACAGACCAGATATCGCCAGGATGCATATATGTCGTGCCGCGTTCGTCAGACATAATGGTGGGGATCACGATTGTTTTAATGTTAATACCATGTATCCCTAGCGCCTGGCCTGGTATACTGGGATTGCTCAATGTAAGGAGGCTTCAGACGCGCGTCGTTATGTCTCTTATTAAAGTGTCTAGGAGTGGGGGCCCCTACCGGATGGCCTGTTTTGTGAACCGCGGTGCGTACGAGAACGTCGGGGTGCTCACAAGCGATGATCTTGCCCCGTGTTTCAGGGGAACTTAGCGTTCTAGGCCCTGCGGGCGGTTGTATTCCCCAGGTATCTCCTATTTTAAGTAGGGCGTGATAGTAGTGGCACTGGGTAATGCGGATTGAGGTATGAGATCCGTCTCGCACCCCCCGTTAGTGGAGTCTGCATGGGGATAGCAGAATATAACCTTTGGATAATCTACATATTTGACGGACAGCCATACTCAAAATCGTATCTAAGCGAGCGTGTATGAAACAAAGC
MOCK-040,Synthetic_Generator,D. rerio,646,48.61,199350.2,TCCTAAGGGCTCATACACTCTGCTCAGAGTTTTCCACAGGGGCTTAGAAGCAGGCCATAACTGGCAATGTTCAGTCAGAGTCATAATGGAGGCCGTCACGCATAAATCTCCGGCCCTCTAAATCTAGGATTTTATAAGGTCCAATCAGTCCACCGTGTTTCATTTATATTTGAACTTGAGTGTGCGGAAGGGCTACACGATTAACATTCAGACCTGTTCGGTTTGGCCGTTACCACGCCCCTGCCCAGTAGCCCATACCTTATAGACTAAACGAGGTGCCCCAGGACTTGATATACGCCATGTCGTCAGATCAAACAGCCGCAGGGCTGAAAGCTTACATATCCTGTTAATAGTTATGACTATAGCGAGGTCCATTTTCCATGTTCAAAACATCTTACACTGTGCTCATTAGTCACACACCAGTTATTCGGCCTCCGGCTACCTCCCCGATGGGTTAGTAGTCAGGGAGGGATATCCCCGAAAGTCCCTTCGCTCCTGCACGAAAATAATCCGTGATACACTTACGATGGAGAACTAGTTGTGACATACAATAAATGTCGTTCGCCGTAAAGGAATGAGGGGAGTACCACTGCCACGCGCCAAGCTGAGGTGCGTAAAGCGTGGCCTACCCACGGTGGCAGAAAAT
MOCK-041,Synthetic_Generator,D. rerio,353,50.99,109210.6,TTCAACGGAGTCTGACGATAAGAATAACCACTCTAGAGACGCAAGACCCTGTCCCGTGGGTTTTTTAACTATATTTTTGTGAGATGCCCCACACTCCTAGGTGAGCTTTCCGCAACCCAGTCTAAGTACCCGTACGGCCCGATTGCACGGCGCGTTATTCCTGGGGTGTTGAGGCAGATCTGTCCTTAGGTTGTTTGTCAACTGGTGGTTAAATCTGTCTCGGGGAACTGCCCACGCAATCGTGCCTTTTGAGGCCGCTTACGCTATAAATTACACGTACAACATACTGACGGGTGAACTGGCGCCGGCGTAGGCATGTGAGAATAGGATCCAGATATCGGACGGTATGCAGC
MOCK-042,Synthetic_Generator,B. subtilis,916,47.71,283277.2,TTGAGTGCTGCATAGCGTCAAGACCGATCGCTGACTGAAAACTCCAGGTTGACGAAATCTTAAAAATCCCTTGCCCTGCCATGAGGTGTATTGGGTCGTGTCACTCATGCGATGAAGAAACTATACATCTATCCGTACGTCATCCCCGGGCAGGGGCAATAATGCTCGTTGCGGAAATTATAATCGGTCGTGCACGTAGGAGCTAGCACTATCGCCTCCTTTTCTATTCGACCGTGGTAATTAGGACTAATTCGCAGAACCGAGCACGACAGATGAAACGACGAGCGCTTGTCTCTCTGGGGAGACGCAGCTATAATTCACGAGGGGCAGTACGATAGTCGTAGCCGTACTGGCTGCGGCGGGAGTCCGTGGATATAAACCTGCCCAGGCTAACACCTTGATGTCTCGAAAGTTCTTGTAATCGTATTGGGTTTGTGAGACGAAAGGATAAGCCGTGTATGAATAATCAAGGCAACGCGAAAGTAGATTAGTGCTCACGATTTGGAGCGATGTCCCCGTAACTCCTCTGTGCACATTGTATCGTGCTCCCTCTCTATTGGTATTTTGAAATTGCAAAGCGGCGCAGCGATGCTTTTTATCTATTGTTGCTTGTTCATTAAGAGGGGTGCATACTCCAAATTACTTATTGCGACGGGGTAGCAGTTCAATCTTAATGGTCTTAACCTTATGCCTTAATTGCTCGCCACATGGTTAAGGGGGATTTCTCTCATAACCTTACGGATTGTTAAGCGAGATGACGTCGTAGTAAACGCCGTCACTTTAATGAAGTCTCGAGTCCTAACATTGGACCAAAGGGACATGCATGTCGCATCGATACACTATATCCATCCCGTTTCAAACCCACCACAGCACGTAGGGTGTGCAAGCGGCTCTCCAGAAGCTCCTATGTAGAACG
MOCK-043,Synthetic_Generator,D. rerio,643,48.68,199616.6,AATAGGAGCAACCCCTCCCTCAATTCTATCGACTGCGCTTTGGGTGGTTGCTTCCGAGTGTTAAGTGTGAATAGATCCCATATCGTGTAGCATAATAAAAATCCTCGTGATTAACCCGGAGGACTAGCTGTCACGGTCCGCGGAACGACAGGACAGAAGCTATGAGGGAATGCGCGATGCAAACTCTGCGTAATCAAATTATATAATAGTGTTATTATTCAGCTAAAGGGAATTCGAGTATCAGGCTCGTGAGAAAGTCTCGGACTAGTTGCGTACCGACCTCTGGCAGCTTTCGTTTTGTAGTGATACTGGGCCTCGCAACGCGGGAGTTGCACTGCGAAATTGCATACCCCATGCGAGCGGGACAATGAAGGACGGGGAGGGGATTTATTGCGATAAGTCAGTGAATTGCCCCGAATGGTCGATGGAAAGCACGGTCATCCCACGTAGATATGTTGAGAACCCCTCGATATGGACATGGGGATATTCGACGCTGTGTGGACGAGGATGCTCAGGTTCGAGCTACTTCAATATGATTCTCGCGGATCGTTCGGGGTAATATTACCTGATAGACTTCTGATACACCGATGAACAACCCAGAGTAGGGCTAGTGGATGCGTATTCTGTTGCAGTAGTGTAACGC
MOCK-044,Synthetic_Generator,B. subtilis,866,48.15,267861.2,ACTTTCTCGCTGCTTTATATGCCGAACTCTTTGGATCTACACCGTACTATTATAGAGCACCAGTTAGAATTAAGAAGATTATTAATGATCACCTCGGCATCGACACAGCACATTCACAGACTAAGCTGATAGCATGAGGTTGTGGAACTGGAGTCGTCCCCTCAGTGCTTCGCTCAGCTCGATTCTCTTAGCGGGATGTCTAAAAAAGAGACTCACCGCACTTCTTTGTCGGAAAAGCTCAGGGAGAGCTATCCTGGCAGCGTGGAACAGTTCACTCGGGTTGACTTTCTATCTCTCAGCGGGGACCTCGCCATCCGTGCAAGCAAAGCTAAACACGCCGAGCAAAGCTCCCATGCATACGACGGACTAACTGGTTACGCACCCAACGAAAAGGCGATTGGATGTATGACTGATGGAAGTTCAACCCGGACTTCATGTAAGCTCATGCTGACCTAGGTGGAGTACATAATGAATGAATCACCCTTCAGGGGGATAAGGGAGGCTAATGGTATAAATCGCCTAGCGACATCTGTTGCAGTCATGGCGATAGCCAGTTGGGGCAAAGGAAGCTTAGCTATGATGCTAGGGATGACACCAGATAAAGCATAGAAAAATTTAGCGAAAGCCGTTCGCATCCGATGCAGAACGCTTTAAGGTTCGGAGTATGACGTCTCCAGAAACATCTGAACGAGCAATCGTTGGGAGATCGCCCCTATGTTTTGCGCCCTGCGGTTGTCTACGGCGAGCAGTCTTCGGTCGCTCCGAAAAAGGGGTCATCTTTGCTGAGATTAACGCCGAGAAATCCCCACTAACCGCGATACACAGTCTCATTATATATTTGGATACCGAGTACATCAAATCGATTT
MOCK-045,Synthetic_Generator,B. subtilis,599,51.75,184961.8,CGGCCTGCCTTAGCGCTTGAGACCGAACCGGCGAAATCGTAGCCATGGCTCTATCTAGAGACGGGTTGGGGTGGGCCGACGTGCTAGTATATCCCATAGACGCGCTACATCACATTCAGTGGTTGCACACGGCGGAGAAGCCAGATCACACCGTCCTGTTTCCTTGCGGCTGTGGCCTGGGTAACAGGGACAATCATTCGGTCTGCTATGGATCGCAGTAACCAGCCCTTCCGGCACTGTGTGAATCATTTAGGGACCTAATTATACATATTGGGTTCCGTATCCTTTATTGTAGCTTCGTGCCGGTTCTACACATGAGGTCCCGTGGATGACTGGCGTCTCAAGAGTCCAGTGATACCCACTCGTCTATTTCACGCGACGATGATCGAATGAGACCAACTCCTACTCTCCGCGAGCCCCAAGAATTCTCCGCGGTTCGTCCCTTATTGCCCGCAACTACCAGAAGCTTGAGAGTCACGTTAGGGGGCAAGCCCTTTAATCTGTCGTATTGAAGGTGCACGTTTAACACCGACATCTGGTCAATCAATGAGAGGGTATCTTGGCTTCACAGAAGTGATTTTTCATATTTAGGGGTCTAC
MOCK-046,Synthetic_Generator,E. coli,624,51.6,192406.8,TCGCTGTAACGTTCAATCTCTCGTACATGACGCTCCCTCACCGGAGGCCCAGCAACGGAAGCTGTGCCTTCTAGAAACCCTACCGGTATGGGATGCCTCGATCGCGGCAAGTTGCTCATAAAGCCTTGTGGAAGGCGCCGGAAGGTAAATGATAACGACGTCCCGCATCTTACAAAGAGAATCTCCACGAGGGTTTGCCGGTAATGTTACTTTCCGTTCTGACCTAGCGTAGTCAAATGACAGTAAAGGATCGGCCTGCGCTTTACGGGTTAAATAGGAATGCCGTATAACTCGTGATCCTGATTAGTACGCCTTAAAGCTAAGCCAATACGGTGCTTCTACTTCTGTGCCCAACCCATTACCCTTCCCCGTAACTACCTACATCCGCTTGGATCTCTGCTAAGGACTTCGTCCTAGCACTAGGCGTACCATTCTCGGCCGAAGAATGGGGGGATAAACAGTTTGAACCATGGCCCTTATAACGCGGGGGACGTCCCTTGACCAAGGCAATGCCCCCCCTAGCCAGATTAACGCGAGTGGCTATTTGCTGTGGCGCGAACACAAGAAACATACGCCTCCAGCTGCCAACCATGTAGATATTTTCTGGCCGATAGGTCGATGTTC
MOCK-047,Synthetic_Generator,D. rerio,310,48.39,96083.0,TGTTTGAGTTGAAGAGTCTTGCATCCACCCACAAGGTTGACCGAACAGGAAACGGGTGGTGCACGCGGCCGATCATGGGGTTAAGACACCGTGACTACAGTATACGTGGGAAGAATATAGTATTGATGACTGACTGCGTAAGCCGTCCTACTCTAGACGTTGCATACTAAGCTACTGTGTGTCAGGCGGGAAAGCTAATTACTTTCCACCGTAATCGGAATAATCACAACCTACCTAACGCCGTCTACACCAGAAAATTGCGCTGGCCCAAAAGATGGATACATGGTCCTCTCCGGATTAAGGGATTGAG
MOCK-048,Synthetic_Generator,E. coli,755,50.73,233339.0,CCTCGCTCACGACCGCTTTGGACAAAGTGACAAATCTCGGCATACGCTGTCCGCAGTCGATGCATTCGGTTGTAGCTGTTGCGTTGAGGGCTTATTCTTCGCACTACGTGTTACTGCAATCAAAATAGCATCAAAAAAGGTGTTTTAGACTTCGGGAGGTTCTCGTTACCGATGCCCCTTCTTTGCCACCGCTGCTGTTCGTATGGGCCAGTTGGGCATTATCGAAAATCACACCGCTCGTAGCCCGCATAGCTGCCTGATGGAGCCCGAATCGTAATACTTGTTGTTTTGTCAAAGCTATGGATGGCAGGCCATTAGACGTGGCAACACGTCCGCATGGCATTATCACGGAAGAGGTTGCCTACGTGAGGGCTCTCCTGGAGAAGGGCTCTCAAAGAAGTCTCGAATAACTGATGCATCTTTCCGCTACAGCCCTAGGTCCATGTTTGCTTCGCATAAAGCAAACCCCGAGTACGGTTGTACGTGCTTCTGTGCCACTGGTTGTTACGCGAGAGTGCCTTCTTACGACGCTCCCTCAATGGACAATTCGGGAGTGATATTAGGTTTTATATTATGTACGGTTGATGCGACGGCACTTACAGGGTTCATGTTCTCCGTGGCAGGTTTCAAGTTTATTTCCCAGCTCTGCGTGAAATAAAGCTGACCCCTCAATGGTTGCGCGACATTTTGAATATGGCTGTCTGGAGGGTATGCGGCCAACGGACATCCCGGGTCATATCCACGGGCCGAGCAGA
MOCK-049,Synthetic_Generator,E. coli,678,47.94,209354.6,TCGACTTCTGGCCTGCATCTGGAGCTGTAGTATTCCTAAAGACGATAATTCTAATTATCAGATTTATGAAAATACAGGAGAATAACGCTGCCCCACGCGGTACTTACCGACGGCCACGACGTTCCGGATTTAGGTACGTACGGTGCTGTGACCGACTCAGGGTACGTCAAGCTCCCATGTTGCTAGCGTCTTACCACACTAACGTACGACGCCAGTAGTTGAGGTGCATCTTTTAAACCTGTAGGTCTGCAATATTTAACAAACAATCTATTTGAGATTCCGCATGGGCCTTTTAGACCCGGATCCTAACGTTAATAAACTGGTGCTGCCGTGCGACGTCAATATAGTGCCGGGACGACCATTATGAGTTCCACATCTTCACGAATAGAGTGTCCCGAACCTGCGCCTCCAGGGTATCCTTGTCCTCAGAGCAATGTTCGCCAGGCGGTCCAAGTGCCCAACAGGGTTCGTGTGATATAATCCTTCCGCACGTTTCCAGGACGGATTACGGGCTGTTCCCCCTTTTTACGTGAAAGGACCATTTCATCTATATGAAAGATTTCGCTGAGGGTGAAGAGAACGCGACATTCCCTATATATTTCCTGTGCGCATGCATCGATAGGTCAATTCCTGTTGTACATGTTAGGAAGATCTAAATGGCTGCGTCTTGAGATTGGG
MOCK-050,Synthetic_Generator,D. rerio,224,50.89,68947.8,CAGTAACGAACCAGGCACGGGTCATCTTATACAAACCATCTTCATTCCCCTACGCACCATGATACCTCCTCCTACAATGTGTATTGGTCATGCGAGGTAACCAACTCAATCAGAATAGCTACCCCGTCAAACCGACGGCTGTATGCTGTTAGAGGGGTACGGAGAGGCTGGCCTACCCCTGCAGACCCCCGGAACAAATTGTGCCCGAGATTTAGCATTCCAAA
MOCK-051,Synthetic_Generator,D. rerio,783,49.55,242013.6,TGAAAATGACCGAAACACGTCGCAAAGCTCAATATGGATGTTCCCGGTGCGAACGTCCTTGGATAATTCCAGAACCGTCAATCTCCCGTCTCAAGAAGTCATTCGACCAATACCTCATGTAGCAGTCATAACCTGTGCTTGCAAGGAGCGCGCACTCACGTGCCACCCGAGTTTTCCGCGGAGCCGCAGCTCGGATAACCTCGTGCCTGTTTGGCAGAGGATACGGACAGGGCAATGCCAAGTTGGGACACAATGCCTGGCCAGGATAACATGTAATAGTGGTACGACGTAGCGGGAAAGCGTAGATACAAAACGAGAGCACTACAAACTTGTCTTATCGCCAGAACTCCCTGTTTCGAACTGATAGGGTGTTAGAATAGTTTGGTCTCGAAATTCAAGTCGGAGACGCCAATCACAAGTATGCTATTTAGCCCCATTTTAGTATTTGGTCCTCGGGACAGTCTGCTTACCGAGTATAGTAGAGGCATGTCAAACACGGTCTACTTAAAACTTCGCTGGGCAGCTTGACCGATTCAGGGACGTACGTTGAATTCGCAATAAGTTTGAACCGCAATGCTCGCCCTACGATACTCTGAACTCGCATAACAAACCCAGGCCACCCCTAATTGATAATGTTGAATGCAACGCCGCGGCGCTTTAACGGACTAGTAGCCTCAGTGGGGCCTACCATGTATAGATACATACAGCTTAAAGTCGCAGTGTTCTGAGCTGAGAGGCCACCTCAAAGCTCGGAGTGCGCGACGGACGTTGAACTTACGTTAC
MOCK-052,Synthetic_Generator,E. coli,722,50.42,223333.4,ATCATCGATAGAGTATTCGTTAGTTGGATATTTGGGACGGCGCAGTCGTATAGAGATACCCCGGTAGAGGAACATTATGAACTACATCACCTCGTACAACGATGAGCTCGCATCCGAAGATTTCTTATTAAGGGTTGATTCGTCAACTTAGTGTGCAAGGTCTGGAGAGGCCGTTTACAGTCTAGTAGCGCGTGGCAATTGACGGGCGGTACCATCCAGTTATAAGATGGTCAATTGCGCCTTGAACTGTCGTAAAAATGTACGGAGCCGTATGCTCGGTAGGGTCGTTTAGGGCCTGAGGTAGCATGGACGAATCAGATCACAGGAGCACACGTAACTCCGCCTCTTCCCTTACCAGTCGCAGCAAACAAGGGAGCTATCATTCTCAACACCACCTAAATGACTGAGTGTCCATGCCTGCATGGCGGAGAGGAGAGTACCTTCCATATCCGAGCTGACCGGCCCACTACCGATCCAACTCGTCAATCAGTATCTAAGACACGCCCGTGTGGCATGTCAAGGTCGCTGGGCATCGTGCTACACTGCGATTGTACCAGTGGACCTGAACATGTCCTTTGAGTTTCCACAGGGGTATCTAATTGGCGCCTTTGTTAGTTATGTTTGACCCGCGCTATGTGTTCACAATGTCACAGATTCGCGGTAGCGTAACCTGCGCGGAGCCGCAGCACAGCGCGATGTAAACTATTGAGTGTATCCACTCC
MOCK-053,Synthetic_Generator,D. rerio,489,49.49,150636.8,CGCACCTTGTTCGAGGTTCGACGACTCCGTGATACTGGTAGTACTGCAGGTTCATGGCATCTCTAGGAGCGTTCATCAGTCCCCATTATCTCCGGTCGGATAGGCATAGCTGAGGCGTGCAATATAGCCTCAGGGGGTAGAATCCCCCCCACTGGTGGGAGCCCATCGCTTATGCCATGTCTACCTACGTACTTGACTGGATCTTGGATTAGAGATTTACCCTCCGTTAGCAGAGACGTACCACTAAATCCTATATTTAATAATCTTTTTACTAGTCCATGAGGCTGCCGCGTTGCATTGGTGTCATGGTTTCGCGTGTAGCCTAATGTCAGTGTCCTCTGAACACTTCTGCTTCACGTGACCTGCCGACCATATCCTTGCCGCTTAAGATCGAAAACCTCCGCTTACCGACCCTCTTCAGATGTAATGTAATGACTCTGACAGATGTCAAAAGCGTGTAATCTTGTATCCGGCGCTCTGGTCTCTAAG
MOCK-054,Synthetic_Generator,D. rerio,620,49.84,191773.0,GGCACACTACTACGTTGCTGAGTTCAATTCATCCGAGCATACGCACCCTTGGAGGTACTCTTAAAAGATCTTCTAAGCTGATCTACTGCTAATCGACGAGCGTCCACATATTTTACAATGTGGCGTGTCCAAAATCGTAGACTGACTTAAATAACCCTTCCTTTACTCTTATCGTTAGCCCGCACAGCCTGGCTCTTCCCAGCGACTCAGTGCAAAGCACGCACACGGGGATGACGACTGTGGAGAGTCGTCAGCTTAGAACGGACAAGGGCTTTTAAACAAACTACTCACCCTTAGGCGGGCTCTTGCTTGCTGGGATAACAGCCGGCACATACACGATGTAGACAGCGTGGAGAGGTCGACAGGGGAACTTCATCTGGTAGGAAAAACGTGGCGCGATTGCCACTCCAGGCCCTAAAATACGTGGCGAAATAGATGATGGCCCCCGAAGGGGTAAAAATCGATACGTCGCACGAAAGGAGGGGGGTGTACCTCCGAGATACCCGGACTGGGCTTCGAAGTTTGTTTGAGAGCCTCGTACTATGAACACTCTCTTAATCATCGAAGCACGCCCTTCAGTATTGTGGAACTTGTGTAAGCGATTACATGTGTGTAGATCA
MOCK-055,Synthetic_Generator,D. rerio,118,56.78,36851.6,AGCTGGAAGTGGGATCGCAGTAGCTGGGCGGTGCTGTCGGGCCTGTGCCTCGATAAGTGGAGCTATGTGCAGGCCTAATTGGTGGTAAGTTGCGTGGCCTTTTTGCTTCCGTATCCAG
MOCK-056,Synthetic_Generator,E. coli,684,48.25,211176.8,GTGGCTCCGTACGTGTCACAGCCGTGTGACATGTCGGCCAAACATGTAGGAGTTTATAAGTGTGCATTTAAATCACGAATCCCAGGGTTCAACCTTCATATGAATCAGAGACACTATTTGATTAACACAGTGACGGGGCCGTGCAATCGTAGAAATTCGGTACAAGTCCCATTTATATGAGCAATGCATACCCAATGGTCCTGGACTTTCTATACTACTCTATGGAAGCACGAGTTTATGCCTAACCACCCAGCGCGTGTAAAGTACGTACTTAATCTGTCCTACGGCCTCGCCAAGTCGTCACTCAGACGAATACCTGTAAGCGCAGTTAGTCGACATCTCGCCTCATGGTCGGTCGGCCTAGTCATCACCACCTCTACTGCTAGGGTGCGTAAATTACCCCTTCAGTGAATTGCTCAGCACGGGCGTTATAAAGATTCCGGGTCTAACTGTCGCGGAGCTAGGAGGGTAACAAAAACCCATGGCCTCTTATTGACCGTATTTTAGGGACTGAAGCCGGCACGTGATGTTTAATCTCCCGTATGGAGACCGGCTTACATAACTAGGAGAGTCCAAGTTAGACGAATGCAATGCGCTGAGGACTTTCTGGGTTCTTGCGTACAGTCCACCCAGTCCTCAATTATTCCAGATTCGTGATCTATGACGGGTTCACTCGCAAGTATG
MOCK-057,Synthetic_Generator,E. coli,577,50.61,178141.4,CCGTGGTCGGATTTTAATTAACCATAAGCAAGATTGATCATGCACCTCCTTTATATGCTCGGGGCTCTGATAACCTGATTGATCACAGACATTTCCGGCACTGATTTTTCAAATTGGGAAGCCATATGCCGGCAAAGCTACCTGTTCGCGCTCCGTAATTGATGTAGCGCGCACATTGTATCCCGATCTTAATCGAAAACCGGAGTGAACTTAACCAGGAACGCTCTGGTACGCAAGGAAGTCACAGCAACAGGCAGTGGGTGGGTCGGAGTTCAGGGTTTGAAAGGGCGACCGCACCAGGGTTCACAAATAACCTAATCATTAATCCCTCTCCACAGTAACTACACCTCACGAAAGTCGGTTCATCGCCGTAGTTCTTCTCGAAGTTCTACGAAAGCCACATCCACAACCGCGCGATAGCGGTATTCCTCGTACGGGTATGGCTCAAAGGAATGCAAACGTTCCGCAGGAGACCCCCGAATTAGTCGGTGTCCCGACCCGCAGTCCGTAAGAAGGGGTACGCTCGGTCAACTTTACGTTGCACATTGGTCAAAACCAAGCGCTAGTGTCTGGGCCC
MOCK-058,Synthetic_Generator,D. rerio,437,50.8,135301.4,ATACACACTTTATCCGGCATGTTCTTCGTTTCACGGATTCGCCGGTGGTGACGCAAGAGGAGAGGCAGTTGGTGTACTAATGTGTATGATGACTGGGAGGACATAAGGGCTCCCCACAGTCGTTTGGCTACAACATCAAAATGTTATGTTCCTTTGGAACCTACGGGCCGGTCGTAAGAGCGGCGGTCTCAAGGTAGGGATCCCTGGTGAAATCGCTAGTATAATACGAGGACCGAGTCGGCATAGCGCGTACTGACCTTACTCTAGATTCTAAGTCTCACCCGACACAAAGAGTATAATTAAGGCCTGCTCGAGGAATATGTCCTACACTGATAGAGGAGCGCCGCGCAAGCATAAATACCCGGACTAATTCCAGCGCCCGATGGATGAAAGTTACCCGTAGCTACGCATACCAGCAAGCGCTCCGCTTCGTGCTT
MOCK-059,Synthetic_Generator,S. cerevisiae,780,50.38,241118.0,TTATCATTAACCAAAGTACTTACTGCGCCTGCTTGTAAACAGGAAGACATGTAGCTGCGCTTGCTCAGTCAGTTTGGATTTATAGGAGCGGACGCAAAGGCCCCGCGGAATCGATTCCGTATGCGGAACGGAAAGAGAGTACTGGTCAGAGTACATTATTGGAACATGATACCCGGATTACGTGCGCACAGCGCATTCATGATATTCCTCTAGGCCGTCAGCTTATTAGAACTCCACTATAGATTTCCCATCCATGTTACCTAGCTATCCAATCTATCACGGCTGGAATATGGTTCCGGCGTAAGGGGTTTAAGCCCTGCCTCTTGAGACCTCGTCGCCCGAGCTCCAGGATGATCTACCATTGTTTGATTTCCTTCAACTCGCCTCACTTCGCGGAGCCGTTAATTGGGCATATCGTGTTATTTCAAGACCTAAGTCCCCGTCCGTGCAAGGATGGGGCCGGTACAAAAGCATCAAGACATAACAACGGTGCGACACTGGCGAATGGGGTCACTCTCCTGAATGTGAGTTATGTCGAACCGCCCAGAATACGAGGGCCTGATCCCTGAGCGACTGGGGTCTATGGGGGAGACTGACACCACTGGAGGGATTCCGCTAACACAATTAAGGCATACTTTCGCTGCACGAGGGACAGAAAGTAACCTCCCGAATGGGAAAATTAAGTTGCGCTTTATCGGAGCCCTGTAAGGGTAAGACAGATGTCACACGGTGTATTGCGTACACAGGATCCGCTAACCCACCCCCAGCTAGCAGTGAAAC
MOCK-060,Synthetic_Generator,B. subtilis,697,52.51,215892.4,TACTTATTGCGGGCGAACATGCCGGAACGACAAACGACGTAGCCGAACTATTTCGCGGATGTCGTCAATGTTGGGCGTACAGGTCAGACGTGCTCCGTCACTAACTGCAAAGATGATTTGGAAATTGGACACCATCATATTGAACTCTTGGTCAGGAGGGCTTAAAGAGTTCAGCTTGCTCATCGCCTCCGTTTTCAGGTACGCCCCATTGTCCCAGATGTAAAAGAATGGGACTACCTCGTTGTACTGCTCCTTGCTTGCTCCGGGCACCGGGTACCTCACCGTTAATGTTCAGGATACGCGGTTGCTCTGAGGGTCTCCCCTTGCATGAACCTCAGGGTAATTTAGTCCCTGGAGAGAACACAGGGAAGTATTGAATGACCTTGCGAATTTGGGAATAGTGCTTCTCCCCTCTAAAGGTATGCGGCGATACTGGGCCGAATCTGCAAGGCCTTTATTTGACGAGTCGATGATGGGCGGAACGACGGATCGAGGGCGGAGTTCCCGCGGTGGGCGGCGAAAGACACATTCGGGTGAATGTCAAGAACCGCCGTCAACGGCTACGGCCTTAACACTGACGACGGATATTTGATCTATGTCAAGGACGACTTGCTTAGCACGCGCTGTTAACGAACTCGGGTTCCGTCGAGTGTAAGTTCCCCTGACGAAGCAAAACCCCGGCGGGAGGCAGCTTATT
MOCK-061,Synthetic_Generator,D. rerio,344,54.07,106199.8,TGAATTGACGCCTTCCCGTGGAGGGGTACGGCTTTTTGTCGCACGTCCCTCATCCAGGCCAATACACAGCGGGGCCACAGGCGAAAAGTACAGGCTTAGGCGAAACTTCAGGGTACGGGCCTAGGGGCAATAGCTGTCCGTTAATAGAGTACGCCATAGACCATTTAGCATCCTTTCAGATTGGGGTACTTATTGCGCCTTCGTTCCTCGAATCGAAGCTTGTGTGGAATGTAGAACTGTAGTAAGGGGCCTACCATATAGTTTGCTTAAGTCGTCTCGCCTCAGCGTCCACGCTGTTCCTACTGCCAAGCCAGGATACCCCCCGGCCTCCGCCTTTGCGCACA
MOCK-062,Synthetic_Generator,E. coli,981,49.75,303286.2,GGACTCCACAGGACTCGTTAAGGAAGGTTAAGCCTGTGTTACGTGTTCATGCATCACCGGTGCACCAATTGTGTACCTCCTTTGGAAGGTTTAAGGTCCTACAGGAAATGTTTAACTGTAAAGTATTATAATATACTAAGGGAATTTCTGTGTTGAGTAAATGGGCTGCTCTCTGCCCATGTCTATTTACAGTGGCTGTGGACTTCAAGTTTTTCCATATCCTTTAGTACGGTCGCACCCGTTCGCGAATCTGTATCACCACAATAGTACGATAGCGGCTGTGCGATACAAGTGGATTATGAACAGCCAGAGTTCTGGTCAAACGTTGGGCTATCCCAACAGGGCGCCAAGGCGATTACGAGAGTTCTCTCGCAAGCCGTAGCGAGTTAATTGATGGACAACTCACAAGACGCTCAAGTGAGTCAACAGAGGAGGGAAAGGATTCTGGGGGCAATTCAATGTCTACCGATTACACGACGGGCCTTTGCACATGGGGGAACATAGACTCTCGGCCTTGCTCGAACTTGGGGTATAACGTAGGTGTCCCCCTTGCACCTACGGACTCTTGGTATAGAGAGGATCCAAAGGCGCACTCCCCCACGCGCGTGCTATCACACCCGGTCCGAGCTCTGGTCCGATACGGCTCGGTGGATCCGTGTGGGTGAACAAAGGCATACGCCCTACAGAGCGTATTACCCTTAATGCCACAGGGAAGGGCAGCGGCCGCTCTTATTTACCTGCTACTCTGCCCATTAGTCGTCTCTAAGCCGTGGGCAGTCCTGATTCTTTAATAAGTAGGTTTTTAGAGCGCTAGGGGACTATTCCAACGTTGAACACAGAAAGCAACACCCCTGCAGCATTCAGCGATCCAGGGAACATGATGCTCTCCTAATAGATACAAAATTGTTGAGCGTCGTCCGAATCTCTGCGTCGTCAATAATGTCTGTTTGTCTACACGCCGCGTACTAGCAGTGACTCGAT
MOCK-063,Synthetic_Generator,S. cerevisiae,242,50.0,74589.4,GGTATGGGATATATTTGCAGACCGACCATGTTCTAAGGTGAGAGCATAGTCCGGACCGACAACCTCCGTGCAGAAGAATTTGCAGGTGAGTCCCGTGTCAACCTACGCCAATAGATCGGTCAACTCGTGGACGTTTCCTTTAAAATACTGACTATGCGTATCCCACCACGCTGCTCACCGAGCTGGTCGTCATTATGTAAACCCTGGCCAATCGACCACTAATCGTGAATACCTCTTGTCCC
MOCK-064,Synthetic_Generator,B. subtilis,891,49.83,275027.2,ATCGAGGTTGAGGCCGCGGGCCATGTCTACTACGTCAGTTCTTGGTAAGACAGTCAGTTCAGCTCAGGAAAAGAATGTGCCCCAAACGTCAGCCGACGTGTAATCTAGATTATTGAGTCTGTAAACGTTATGGCCCTTATTGGCTGACTCCCGGAGCGGTAATTTCGCTGTAAACTCTGCAAATTGATACCACGGAGCCGACCTACGGTCATTCTCTTCATTAGTCTCTACTGGTGTGTGGTTCCCTCAGTCACTGAATAACAGGCGTACCGATGATGTGTCCCTCGTGTCCTGTATCCTGGTCTCTAAGTGTGATCCCACCCATATACTAACTACCAAGGTCTCACGTCGGTCGGTTAAAAGCCGGAGGTAACGCACGTCTTTTCCCGTCTTTAAAAGGTTGCGCTAAGTGCCACAATCGGGTCCGCGAAGCTAAACATACTCTCAATGAAACCCGATGGGCGAAGGGCAAATCGTCTCAGAACCTGGGTTGTAGCGAATAGATGGCAGTAGCCCACAGCAGGTTGTCAACGAGGATCCCACCGCTGAATTTGCTAAGAACGGGGAAGCTCTCCTTCTCACCCAACACCTAATCGAACAGGGGTGAGTTCATTTGAGAGGTTAAAAGTATGTGTCATGTTCAATGGCATACTACGCTCTCAGCTGAAGTCGCGCGGATTTGCTTATTAGGACAAGCGTCTCGCTGTTTATGCCAAGCCTGGCCTTCCATATCCTAGCTTAGATCATCTGCTCGGAGGTACAGCGCCTGAGGCCACTAAGCTCCCATTTGGCCTGTTATATCATGCGACATCGCGAGGGTCTTTGTGACACCCGAAAAGCCAGTTAGCGCGTTCTACTCCCATGATTTTGCATGAAACCTTCTCAGTGGTA
MOCK-065,Synthetic_Generator,S. cerevisiae,557,47.58,172017.4,CCACTACAGGGCTAAACAGGCCTCTTTTTGCAGAATTCGATGTAGTATTGACCAAAAAGCGTCTATGCATCTACATGCCTCGTTTTGCGGGCCTAGTGTTGTTTCTACCCATGTTGCACACGTTTCACAACTTCCCATCTTGCCTCCACGCAATAAGGTAGAGAGGCAACGATCACGAAATTTGCAATCGAAATCTACTAAGCTTTGTGGACCCGTCTAGCGGCACTTTCGGCTCGAGTAATGAGTCCCGGAATTTAAGAACTAAGATTAGCACGTAGAATTGATCTACCCCATAAGGCATACGATGTATCTCTTAGGCGCTTAAATCGACTTTAAATGGGCGGCCTATAGACATTGGCGTAGCCGGACACCGCCGTATAGAAAGAGTCCGGTATTTGAATGGAATTCCCCGAGCTCCGGCCAGCTATTGTCGGTGAATGAATCTCTCGTGCCTTCACACATGTATGAGGCAGCGGGGAGATACCGAGCTTGACATGACGTCTGAATCCGCGCGTTTGTCAAGAAGGCGATACTACAACTTTTTACTGGCCCAAGTA
MOCK-066,Synthetic_Generator,S. cerevisiae,756,50.66,232808.2,TAGCTCACGCATTCGGAGACGTGACGTTGGACTTCGTAGTACCCACCCTCTCGATAGTTCGCTCCTACCGTTCACAAATTGAACCGATTTAACTTTTTATCTGGTAGCATGGTGGCCTTTCCTTGTGGCGCAGAGGACTGAATTTCCTGTTTGGCCTCAGTCCAGTCCTGGACGGTTTCACCGAGCGGACCTGGTACGTGACATGAAACTTGAGATATCGGCGGCGGGAATCATCGCAATCCGCATTGAACTCGGCTTGTAGGTCCCCATTAATATCAAGTCTTCGCACCTAGTCGGTAGCGGGCGCCCTCTGGTTTGGCACAAGGCATTTTCAAGTATCACAAATACTGGCTTCCGCTTACATGCCCCATACGATGATGCTCACGAGATGCGCTCGCTTTCAGCACTACTTCAGGGCTTAGCATGTTGTATGTTACAAGGTTAGTACCACGGTAACTGTTTACCCTGTCGAGATCCACAATCGTACTACGCTGTGTACCAGCTGGCCAAATCTTCAGAGCCGCTGAGGCATGCAAGCCCCCCTACAAAGATCACCCCTCGGCACCGATTCCATTCTTTAGATCCACGTTAAGTGCTCATCCAACACCATTCTGGAGGTAAGGGCTGCCCAAAAAGGTTGCTTGCTAATCCAGTAAATCGCTTCAGTACAAGGTGCCGCGTAGGTACGCCTTGCTCCTTTTCACCTTTTGATTAACAATGGTGCTAGACCACGGCAGCCTTGGGAATACCGTGTAC
MOCK-067,Synthetic_Generator,B. subtilis,324,53.09,100228.8,GCGCTAGAGGTTCCCCTCAACACTGTCCGCGAAGGCCTCTGTAGAGTAGCCACGAGCCGATCGCTGTTAAAACACTAAAAGAACTCTCATGTTATTTATCGCTAGAACACGTAGGTTAGCTCTTCTGGGTTTGGAGCTTGCACATCTGACGTGCATTAGTTCAGTCGGACCTAAGGGACCGACAAAGTGCAACGAAACCGGCCCAGGACGGCCGGTCTAGCACTATCCAACTTGCCGCGGTACTGAATTCAAGTAGTAACGCGGCACCATTGCCTTGGACGTCCGGCAAGCATATATCCGCCAGCAGTAGGTCATGGGTGGAGG
MOCK-068,Synthetic_Generator,S. cerevisiae,476,50.21,146897.2,AGACTGTCCAACGCAGGCATCATTGATCTCTAAGCCCTCAATATAGAAACTATGCACGTACGGGGGTGCATTCTCTTGGATCGTGGTATCACAGACAAATGGGCCTACAATCGGCGGGTTCGCTGCAAGTAGTAATCATCTAGAGACCTCGCAACAATGTTGTTGGGTAACGCACGCTCCTTACCGGGCATCTTACGTATTACGACATCGAACACGTATTACTGTTCTCGCACATGGCCTCTATATGTCCACCAGCTGCGCGTCCTAAGACCCTAGTGCAGTAAAAACGCGCGTTAGCTCATTACTACAATGGGCGTTAACAAGCCGTTTCTGCGATCGTTAAACCACCTGTGTGATGCGGAGACTCTGAGACGTTCTCGCTGATCTTAACGTATCGGACTGCCATGTGCTCCCGGCGCTAGTAGACCTGAGCCGCACAATTTTCATTGGGTCAACTAGGGGCTGTATGCATAGCG
MOCK-069,Synthetic_Generator,S. cerevisiae,233,44.21,72134.6,GAGTTATTGCATGGTCATGCTCAAACACCACTCCCGCGCAGTCGTGAGTATGTGTTAGTTTGGGTATCGCTAATAATTTAAGCTTAATTGCTGCGGACCGGAGCAGTAAGGGGTTCGTGAGCGCAGACTTTGTTATCTTATCTTGACACACTCTTCGAGTAGCATCCCGTTTGTACATTGAGACGGTCTGAACGAATGTTAAACTTATTCATCCAATAGAGAACTAGGTTCTC
MOCK-070,Synthetic_Generator,S. cerevisiae,363,46.56,112164.6,GTCGCACTGGACTAGTTAATATTGGTAGGGTTGTTTTCCAGTGGACCCGGGCTTATTTATTGCTCTGTAGGTCGTTCCAAACTCAGCCCTTCCACCTGGTTGTTTTGATCAAGTACGAAGAACAAGCTTCTGATGATCGGAGGCGGATTCATAGAGGCCTGTCGATCTTAGTTCGCATGACAACTAGCCGCTATCCACGTAGAGCCCTGTCGGTGATTAGCGGTCTGTAATATTGCATACTCTTTGTGACCATAGCAGCCCGCGCCACTGACCGGTGTACTATTGATCGACGGCAAAGCAGCAAGTTAGAATGTTCAATGACTCATGATTATTTATTTCAAGAAGGCTTTCTGTTTCAACCCT
MOCK-071,Synthetic_Generator,D. rerio,378,45.77,116713.6,CGATGGTTAGAGGGCAGTCAAATAGGTATCTACTCGCCCCGTGATGCCGAGTGTAAGGACCTTGGAGCACTTGTTCTGCCCTATTATAAAAAAAGGTCCCAGACCTGCTCAGCCGGTAATGTCCATGCCTGAACTGACCTTATCTAAGGGGGGATTCGAGTGTCTAAACAGTTGCTACGCCGAAATAGTGGGAACAACTTGCTACCTTGATCACAAGTTCGTGCTCAATTGTTGAAGGGACACAGTTTCTAATCCTTATGATAAGATTTAACTCGCCCTCTAGCCGCAGTTGAGCATCCATCACGACCTTCCCAAGCACTTTATCGCAGTTCGGATGATATTTACGTATTTAATGCTCGTTATAATACGGCTTGTTCA
MOCK-072,Synthetic_Generator,B. subtilis,980,50.71,302767.0,CTCTCTCTCCGTCCGTTCAACACCTTCCAGATGTTGCGTGGATACTATCTATGCGCCACGGTAACCGTATTGTCGAAATTTAGCCACGGGAAGCAATTTATACCTTGCATACTCTCAGTCTTACCGGTCAAGGCCGAACCGACAACGTAAGGTATCGGACCCGCGCGTTATAAAAGGTCCGTGCCCCGTCAGCGGGCTCGTACCATAGGACTGTTTTCCGACGAATCGTTGACCACGGAGGTTCCAGGATATCAGGCACAAACACCCACTTTTTTTTAGATAGCACGCCAGAAGGGCCCCTATTTTATGAAATTTACCTAGGGTGTACTTAGGGATGGTCCCACATAATGCATATGACTTGTAATGGGCCACGGGAGGGACGACTCGAAGACTCAATTGAATACGACTTTTCATTGCTTCCGCCTCGCGGTCACAGTTGACCCATAGCGTTACCCTGTCTCTAACCAGTTGTCTACCCCTCTGAAGCTGCGTTGCGCGTACAGGTGGGAGGTAGAGACTGTAGTCGGACGCCAGCAATGCACGGGGGATAGGATCTGGAGACGCACCACGTCGACTCTCCCGACGCCACTGCATCAACAATTCTGCAATCGTCATACTTGTTAAGAGCAGAAGGCTGCTTCGTCGTATGCGGCGTTTCAGCCGTGCGATCAGCGTTAATTGGTGTCATGAATGTGTACGATGCGAAAATACAGCTATCGCCGATAGGTGGATTCGCGTTATTTTCCAGATGTGGCGGGAAGGGTCGGGGCAACGGCTCATCGGCGCTCACTTGACCGTTAGATAAAAATATAGTGCCACTCACAATCAATCTCAATCAGATGCGGTCTGAGAAGTTATGTAACCGGGGCAACTCTATAGCCAAGTAAACCTCCAAGTATTTGGAGGGCCAGATAGGCGACGCCTGATCCGTAAATATGATCCAGCCCCCACTAATTTCTAAGAAGTGCGGGGATGATCTC
MOCK-073,Synthetic_Generator,B. subtilis,344,47.09,106493.8,TGTCCCTAGCGAGCCCTCGATTTACCAATCATCTCGCGTACATTGAGCCACAAAGTAGGCATTGTTTAATTATCATCACAACAACGCCTTTGGCCTAGCACCGTTTAATTCGATGTTGGTTAGCATTCGTATCTAATACACACGTGATGGGCGGGTCCAAATAAAGATACCGCTTACAACGACTGTGGCTGTCCGTTGCTACAAGATGGGTAGGTGGCATGCCTGGTTGTTGTGCATGGGTCATGTGCGTTGCGATAACGAGCCCACGGAGGATAGTTTATGTGTTTTACAACGTGTTGCTGTTTAACGGAGAAGGTCTTGCCGTATTCTCGTCGTACGTGATA
MOCK-074,Synthetic_Generator,S. cerevisiae,646,54.02,200454.2,CCTGGTTTGGGGACGACTCCCCCAAAAAAGATATATGGCGCGCGCGTCGGGTGCGAACGCATGGTTGTTGCGCGACCTACCGCCACTTATATTCCTAGCCTGGCAGCCCAGCACAGAACGCAGCACTGAAATGAACATTCATCATGCTCACGAGTGTAAAGGGAGACACATGTGGCTAATCGAGTGGGTTTCAATGGTATGATTTAACCTAGCATCAGCGGTCAGAGCCAAGCTGGCAGGCCAGGCAGACAGTGGGGATCACGACTGCACGAAGTCATGTCGGCAGATGTTAGGTTTGCGAGGCGGAGTCTTCTATACATTAGTAGCCGGGTTTCACTGGACGTGGCAGACGTAGGCGACTTGGTTAATATCCAAGTGGACTTATTCTGCATTGCTCTTTCCCCACGCCAGTTTGGTAGGGAGGCCGGGGGGGAGACACGTCCTACTCCCATCGAAGGTGCGGGTTATCTTAGGTAAGCGACATGTAAGTCATTGAAGAGTCGGAGTGAGTGATGGCTTCCTAGGCCAGGAATTATTAGGAAGCCCTGCCGTGAGAGCTGTTATGGCTGGTCTGTCAGAAAATACCGGCACCGGGGCATGGATTGCACACCGTCTGCACAGTAACGCCCGGCACCACGACACTTGC
MOCK-075,Synthetic_Generator,D. rerio,680,50.44,210374.0,TGACAGGGGAACGCAGTACTTTTGTGGATGCGAATTCTACGGTAGAATACGGCGGAGATTGTTGAGCGTGCAGCAGCCGGTATACGCGGTGCCGAACAGAGTATCACAGAGATTACGGGTCTGTACCCTAATATAAGACGAGCATTTGTTGGAGCAATAGTGTGCCGTCTATTAGCGCTCCCAGATTACCGACAGCGAGAACGATGACGTATGCGAGAGGTGAGTACTCAGGGGTTCCGGACTGTTGCTATCCCAGAGACCGAAGGGCTCCTGATCCTGCTTTTTTTTCCTCGTACGCCATCCTCCTCTGACCTCGTTTACTTGCTGTTAGGGGGCGCGCTTAACCCACATCTGTCCGGCGAGGCAGCTATTGCATGGGGTTATGTCCGCTTTGGATCAACCAGCGGCGATCACGGTTCCTAAATAGTGCCGATACAGACTTTATGATCTCCCTAAAGAACAAATTTACACCGAAGAAGCATGTACAACGCAGACTGAGTACTGGACTAGCGGCTAGAGGATTAACCCCCGTGACTGAGTACCGTCTGCCAAATCGAAGACCGAATCTATCCCCGTCCACGTGACATTTTTGAGAATCATGCGCAAGTGAAGCCACCATGAGAAACCTGACCACACTCTACTAGTATTCAAAGCGAAGTCAGAAAGGAGTCGGATCCTAT
MOCK-076,Synthetic_Generator,D. rerio,493,49.29,152222.6,TTAAACCGTCTTTCCTCAAGCTTTCAATCTCAATGCAAGGTAAGGGTCGTCACCGTTCCTGGGTAGCGGTTACCATGTTCAGTCTCGGCGTGGGTAATTATACATGCCGGCAAGCGTTCTTCTATGCAGGAAGAACATCCGGTTAATGTTACCGGGTTACTTAGGATTAAAATTATACGCGTTGTTTAGCCCTGACCGCTTTTACAGAGGCACATAGCCAAGATCATCTTGAGCGGTCATCCCGCTATGTTGGCGGTCCTAAGGACGCTTGGACGATCCCCCAGACACCCAATATCCATCCGAGAGATTATGCACTAACGTAGTTACCCCGTCCCAAGCGGCATGTGTCGCCGGAGACGGGTAGCGAGTCGTTGAACCACAAATCACTCACCCGAATCTACTCTAAACCTGATTATGGTTCTAGTCACGGACATACAGTATAGTCGCTACGTCAAAGTGAAGTAATGGTCGCGTGTGGGGCCAGCTTTGACAT
MOCK-077,Synthetic_Generator,E. coli,576,49.13,177950.2,CGCCTACCTGTCAAGCGGTTCCAAGGTCCTCCAATAGTAGCTACGCGATATCGGCGTATTCTAGTTCAGGAGCATATATTCGGATATGGAATCCTTATATAGCTACGGGTCGATACCTGTTAAGCCCAACAGTAGTTAGAAATTCTCAAGTTGGTATACCGGAGAAACGTTTAGACTCATGTCACAGATGACTGCGCGAGAGACAGAGCTTACCATACTTCCCTATCAACACGTAATGATGAACAACCAATTGACAATTGAGCCAGCGGCACTCACGATTAGCTGGTTCTCTAAAGCTCGAATGGGGGGCACGTCAAAAAGTACACCGTGCTCTAACTTGCGTATACTGGACCTATTGCCGCATGAGACCGTAGTACGAGAACAGCTGCTATCGCCGTTCCCGAGGGAAAATGTTACTCGCGCGGGCACGGTGCTAAGGAAATTCCGTAAAGGACAAACCCTTATTATCAATCCCTCGTCTTAACTATGGCGGCTGTCTCCAAGAGGCTGGAGGTGTAGACAGCTGGCTCGCCGGATATGCTTTGGCCGGCAGCAGACTCTTTCATCCCAGTTCTC
MOCK-078,Synthetic_Generator,D. rerio,154,48.05,47726.8,ACGATCGTAAGGAACTGAAGGCTTCCATATGATGTCTGGTTAGTCTGCAAGATAAGAGGGAGTCTTATGCCCTGTCTGGACCGCGTGTTTGCCATACATATGATACCTCCCGAAAATGCCGTGCACGAATTCAGTGCAGTAGATCTCCGAGTTC
MOCK-079,Synthetic_Generator,D. rerio,810,51.73,249871.0,CCGTCTATCCTAATCGCTGGGGCCTGGGGGGATCAAGACAGACATGCGTACCTATCCTGGTGTTGGTATACAGTTAAATGTTAAGGATAACTCAAGGGGCCCTTGCAAATCTCATCCACGAGCACCCGCAATTACACCCGTCGATCATACTCCGAAGCGACTTAAAAAAAACTCGAAAAGCTGACTTAAGCAGCGTATCTTAAGCGCCATACACGCACCCACTAATGTGGCGGTCGCATTGCTACGTATGTGGCGACGTAGCGTCCTCGTTCGAATAGATCCGGTGGGTATATCTTATTGTGCACAGTAGTTGTGGCCTTGACAGGATTACGGTCAGACTGGCGGTAGTGCCGCTTCTCCAAACCTTTACTGTTGACACTTTACTTTACCGTAATTCCGGCACTACGCATCGACCCTTGATGACGACGGGCGTGGTGATTCCCCGTACACCCACCGGGGTCTCACAGAACACAGCTATGCGGGAATTCTGATAACTTGTAGGTTTAACACTGTCAACGATTCCTGGGCGCGCCGATTTGGACTCTTCCATAGCTCCTGAGATAATCACGGATCTCAGCGAACTCCCCGCCCAGGATGGCACGCAAACCACGGCATCGACGCTGCACGTCTTAAGAAGATCGGACGTTCTTCGGTGGTACTGAAATGCCTTTTCTTATTCTCGTTTGCTCCAGGTCACAGCCGTTACCTCTTAACCATCGCAGGAGAGACTAGCCGGCGGAGATTGCGGGCATCCTGAGGTATACCGTCACCCCCGTTGGAATTGTAACGAAACCGACGATACGAGTGACG
MOCK-080,Synthetic_Generator,D. rerio,189,50.79,58515.8,ACCATAGAACATACCCGTTGGAAAGACCCAAACATTTGGTTGACCTATGACTGCTGCGTTGTAGCCGGATAGGCCATGGTGACCATCGAAAGATGATTACCAGTTTGTACAGTAATGATTTGTGGATCCGCCGTCCGGTACCGTTGTTATCTCGCGCCGTCCCGGAAGAGGTAAGCGCACCTATGCCAG
MOCK-081,Synthetic_Generator,S. cerevisiae,957,50.78,295751.4,GATATTTATACGATTCGCCTGTCGCTCCTCAGCGCTTCACGCGACCTGAAGGCAGTATTCGACTCGAGCTGCGTAATTAAGGAATGATCCCGTCCGGAAATGTGGCGCTTGGGTGGCATAGAGCTGTGCTGGTGTGAGACTTTTTATCACGTTTTTCCCTGAATGTCACTTGGGAGACTAGTCCTGATGCTTGATACCTAAGTGTATCGTACAGAGGTCTGTCTAGCGGTCTTGGAGTGCCATAATGTGCTCCTAGAAGACATCATATTTTGTTCCCTTTGCTATGTTAACATGACGAAGAAAGCGGAAGTGAATATTTAAGTCGCAAATGGCGCGAGGCATTTGGTGATGGGCCCCTTATTTAGACATCTTTCGTCCAATTAGGGGCCATAAACCAATGGAATGCTCGACCTCTTCCGGGGCGGTAACAGGTGCGATGTCGCTACAGCGCTCTCATCCTTGCCGGACTTTTTGGGCACCTGTCGGGCCTGCTGCCTGACTACGTGCAAAAATGAACATCCAGCGCTTGGAACAATCGAAGGCGCATCAACTCCTAGAGTGCAGACTGTAAAAGGTTGTAATCGGAGTACTTGAGGCGGAGCCCTACCGTAGGGCACCTTAAGCTCCAGCTCGGGAGTCCCTATAAATGCACCCGGAAGAGGCTAGCCCCTAACCAGTCACGTACCCTTAGCCTTGTTGTCAGGCGACACATGGCAACGATCAGTAGGCAGTGTTAAAATAAGATCGCCCCTCCTCAATACCACTCAGTCGTCGTCCAAAAACCTCGAGTTCAACGCGGGTCCTTTCATCCGGTTGTTCCAACCCTTTAGCAGTGGAGCTGGATGTCCGGCTACCGTAAAGCTTGTCAGAGGGGTTTCGATTGATCGTATACTAGGGACCCTAAATGCCCAAAGTCGTCGACTCCACGCAAATGGGTTGCCGCTTAGCAACTGGACA
MOCK-082,Synthetic_Generator,S. cerevisiae,285,51.23,88523.0,GTACGGCGAAACGCGGCCCTTAAGACGACCCAATTATCCGCGGATGAGAGGTTGGTTCAGGGATTCAAGACTCGTGGGCCGGTTATGTCCCACATAGGGATCGCACACTGATTTCGATCACCGTGGCCTATGGCGGTAAAAGCCTTAAGTAGTGGCTGCGGGAGTAAGAGAGTCTGGGTACTCATGAGCACGTGAGACTATATAGGTACGCATTGACCCTGGCCTCTAGCGGCAATGTTCTATCGAACAATCCTGGACAGTAAACTAGGTTAAGCATTGTCGATA
MOCK-083,Synthetic_Generator,S. cerevisiae,403,49.63,124779.6,TTGACCAGGCGCATTGAATTGCGAGTCGATGCTAGTTGGGCGGATAGTACGGTGTCATCGTTCTGATATCTTGTTGATAAAAACCGATCGCCTAGTGTACGAATCTTGCGTCAAACGTGAGCATCGATCCCTTGCCGAGCTCAAATGGCTGCGTGAGTTAATGGACCGAGCTGCCACTGCTTTAAGCCCGTTAGCGTCTTATTATACTGGGTGAGAGCGAAGACAGGTAGATGATCCGATTCTTCCCTGCCTGGCCAGATGCGCGGGGTTCAACAGGTTCTATTCCCAGTCGCTTCTTTACAACAGGCTCGGTTTATTGAGTCGTTTGCAGTGCTTCGATAACCTCTGGACCAGACATTGTGAGTTAAAAGAGCGACAGTCTGCGTTAGCATCGAGACCTCAA
MOCK-084,Synthetic_Generator,E. coli,427,51.99,131716.4,AGGCAGATAATGCTCATACCGGCTTTAGCCGAGAAGTTCCATGCACAGCGATGACAGGCTCAGTAAAAATTCGCGCAAATCTTATACAGTCCCCCATTCTCGGTCGACCAGGAGTCCCGGGGCAGACGGACGCTACGTCCCCATAATTTTGCGATACGCCTTGCTCTTGCGATGGAACTTAAGAACACTGTATGGCAGGTATAGGTTTTAGGAGTCAATTAATAGCTACAGCGCCCAGTCGAGGGTATGCGAAGCACAATACACTGTGCGCTTACCAGGTATGAACTGATATGCCCATGTCCACTCACGAATTGAGCTACGCGCTTTCCCATCGCTACCCTGCGATAAGTGGTCGAGCCAGGGTCCCCATTTTCATAGGGAGTACGCTCGCTACACTACCGCTGCCCCACCTGTGTGACACATCGTG
MOCK-085,Synthetic_Generator,S. cerevisiae,760,49.08,235064.0,AGTCGCATGAACAATTTTACGGGGGCGGATAACAAGATCCCAGTGAAGACAGTCTTTTACGCTAAGCAATTCATTCTATGTCGCTTATTACCCCGCAAGCTACAATGCGTGCTGCTAATCGTAACAGTCAGGCAATACTGATGAAAGGACTGCAGCGGGCAATTCTGGTACGGCACTAACCGTAGGCAGAGTACACTTTAATAGCGCTAGGGATAAGTCAGTAACCTTAAGTCTCGTGCGAACCAGCCGAGGCTTAAAGGGTAAACGGCCTCAAATCAAAGTCTTATGTAGTTAATGGGGGTAATCGTCGATACTCGGGCAGAGACTATCAAAAGCTCGCAGATAGTAAGTTCAGCCCATCCTGCCAAAGCCTACGTGTCGTTTATTCATAGGCCCTATCTTGCATCGTCCTTCTTCCTTATGTAGGGGGGTAACGGATCCAGGTATACAAAAACTACGGTGAAGGTTATGCTCTCGAATATTACGGAACCGTGAAATTCAAATCCTCATGTCCCCGCTCGCAACCAGTCGCAGTCGTACCAAACCGCTCGAAAGCCTGGTAGCCCGTCACTCAAGATGGGGAAGCGTCAGTTAAAGTGGCTCAGAGCCCCTTCATGAGCGGTAACACGCTGCAATTTTAGATCCGGAAGACGATGCCACGCTACATCATGGAGTCAGCACAGCGGTCACTGTCAAGTACAGTCGGGAATCCGGCGGATAACAGCTTATCGCGTCATCGGGGCATAAGTAGGGCTCAACT
MOCK-086,Synthetic_Generator,E. coli,819,50.06,252805.8,GCTAATTGCTTGAGTTATCCCCCAGACACCGTTGTCTACAACCTATGCGCGCAGGATGAATACTTAAAGAGGTACGCTTTAGCTCCGTTAAGTATGTACTCATTCAGCATGTTATAGGTGTGACAAGCGACTTTAGAGATGGAAATCTTGGACTCCCTCCTCCCGGCCTGGCGACACTTTTCGTCTTCATCAGCCACTGATCGCACGCGCGGTAGGAAGTCAGTGTTCGCTGGCTGCTAGTTCGAGCCTACCAATACTACAATCCTACCAGTGAAGCCTTAGTACAAATACTTCCTACGCGATAAAGAGCCGGGCCTCTTGTAAGCTTCCTGGCGATTGGCAATTCGGATGGGTTTGGTGCCAGTCGTGTGAAGGCGGGCAAGAAGGCTGTTTAGAAAACTCCATAGCCACCTTGTCGCGAGAATCACGATCCCGCTTTTGCGGATTCCCACCCAGTATAAAGTTATAAATGTCGGACGTCTCATCGCTCTCCGGCTGAGGCTTCCGGGGGCTGTCACCTCGTACGATAATTCAAAGTAGATTAACTTCACTGAACCTCAACATTCGATTTGCCGTTTAGAAAGGCGATTTACAGTTGGGCATGCCGCTCCTTTGCGGGACGAATGCAGGCGGTGCATTTACGTTACGCCGTTGGACATGCTGCAATGATTGCGAAGGTCTGGTGCCCACCACATCGTTAGCACTACGTCAGAGTTCTAAATCGCCACTACATTGTTAGTGTTAGGCACAGTCGACGGAACCTAGCTCAACTCTGCTGTCCTTTCCTTGGACACTGGGCGTACCGAAAGTTAGCTAAGA
MOCK-087,Synthetic_Generator,E. coli,139,48.92,42982.8,GGCCTAACAGGTTGCCGAAACAAAAATAAACCACACGGTTTAATCTAGACACACGCGGGGTATGCCCGGCACATTTGCTGTCTCCATACGCGAGCTAGATGCTATCAGACGACGGCTCGATCTATCAGGATTTATCTAG
MOCK-088,Synthetic_Generator,D. rerio,734,50.54,227030.8,GTAGTTTGAAAGAGTTCCTCTGCGCTCAATTGCTACATATACAAACAGGCCGGCACTGTGCGCAGAGGGAAACCAGATCCTGTCGCAATCTGGATGGTTAGCCAGGTATGGCACGTTTAGCGATCTTCTGAGGCGCCGCTGTGAAAACAGGGACTCTTGGCTCCCGGCAACAATATCGTAAACTTCCTTGTTGGGCTAGGACCGTGCCGGCTGCGCGCGTTGCCGCAACAAGGGCAAACCTACCTGCGTCATTAGTTCGGGCTTTAGACACTTCGTGTTACCAAAAGTACTAAGTCTTGAGGCACGACACACACTTTTGAGGTCTACCACTTGGTGGACCATTAACGGTAAAAGCCATTGGAAGACTTTGACCCTGCGCTGGCCGATCCGGAAGTCTGCAGTACAGCATGGGATACCGGTTAGAAACGACTGCGTGCGGTGGCATACGTGGCCTATGGCCTCGCAGGCTGAAACAGATTACAAGCACTAATGATCACAGCTTAAGTGATGACCATAAGCGGAAACGGAACTCACGATAATGAAGAACAGACTGTTTTAGCCGTCTTCTGAAGGATCTATTATCCGGTCGTCAGTATATCCTTTTTTTTCAGGAGACTATTATCGTGCCTTATTGACAGATGTGATGGACACGAAATACGGTCCTGTCCCATGGGGAGCCCCACCTAAGGACCCTTCTGGACAGTCAAGAGCTGCGAGGCACCTATCCATCGTTC
MOCK-089,Synthetic_Generator,E. coli,585,54.02,180943.0,CTTAAAGAGAATGGCAGGTGTTGGCAACTACAAGGGAATTGGAATAGTAACCGGCAGGGTATCAGGTCCAAACTAAAAACCGGTGCCATTGTTCAAACGCCGGGATCCACCCTAGCAGCTTCGTGCAACCCGACTTGGCCGCCACACCGGGTCTATATAAACCAGCCGCGTTCCCCAATCATGTACACAGGATTCGTAGCTTAAGTAGTCCCGAAGCAAGTGTCCGCGGATTGCGACTGGAGCTACTGGGCGAAGGCAGGCGAAAGTGTGTTGTTGGGGCAACCTATAGCCGCGGAGCGTAACACCCCGCTTGGTAGTAGGGAAACCATATCTGGTTTCAATTGTATTAAGCTGGGTCATGGAACAAAGCTGGTCCTCCTGTACCGTCCACCTGATGATGGGCTGGTTTGTCCCGTCTCTGGCTAGCTTAGCCGTCCGACCCTCCCAATCTCGTCCGGAGAAATGGTCACGGACCTAAATGTCCTGGTTGACAATATGTAGTTATGAATCCAAGGCGGAACCTCAACCCCTCGAGGCCGAACGAGTCTCCGTAGGCCTACCGTCGAGGACCACATGGGCAGTCCG
MOCK-090,Synthetic_Generator,S. cerevisiae,626,48.56,193231.2,CGATCTCGTAGGTTTTCTCCGCACTCGCACTGTACGTTCCTGAAGCCCACGGGCTCAGATTACACACACCCGGAGTAGGTATTTATTACACTGCGCAGCAACATGATCACTATTTTTCATCGGCTACATAAACTGAGTGCTCGACCACTGCGGATTGAACCCCCTCTAGCCAATGGTGAATCCTGTCGATTTCCGTCTCGGTCTTATAGCAACCCACTGACATCGTGAAGTGCAACCAATTCTTCTCCATGTGGCTAAATGTCATGTGCTAATGATGTACGGGTGGGAAAAGCAGTAGGTGGTGTTATATCAGATCGTAGTTAGTATTGGATCCTCGTTGGCTTGAATTTTTGTCAAATTCCGACCTCCTGCGCGCTGAGCAAGCGGGCGGTTTGTGCTTAAGGACAACTCTATTACACTGGTGACCTCACGGGACACCTACGGAACTATCGAGTAGTATCCGCATGGCTGCGGTGGGATACGCCTGTTCCTCCAATCGGCGTGCTTGTTGTTGCTATACCACACCTCACAAACGCATTTGTGTTCAAGATAGCCCCGGCTGTGTACAGGAGTTTAGGGCGGAAAATATAGTAGGGTACTTTATAGACAATTCCTCTCGAATACGT
MOCK-091,Synthetic_Generator,D. rerio,593,50.59,182915.6,TTCTAGTGGTTGGTACGGTGACTGTATATACAGACGTTCGCTCTATGGAGCAAGGCATGTAGACAGGGACTTCTGGAAACGTTGAAAACATACAGGCCACCCGCTGGCGCGGACACGGGACGTCCAAGCTTAGTGTTGTAAACTTTCTAAAGACGTAAGCCCCCGTCCCGACGATTAATACGTATCATTAGTGAATGAGCGGGTACTGCACACAGACAAGGCATCGCTACCCTTTCGACCAAGACACGGTCGTTTCCAACATGTACCTCCACAGGCGGACTTTCATAGTCAATTAGTAGTACGAAACTGGACTTCTTCCCTCCAATTGCTCCTCGTTCCCGCGGACGCCGACTATCGGTAGATACGGACATAGGAGGCATTGTGTCACCCCCGTGGCAACATATCATATATACGCTTGTAGACTCCGCAATTTCCAATCACGCCTTCCATTTTTCTAAGTAGGTCGCAGCATAACACCACCGCTTAGGAAAACAACTCACGTGGTGGCTTCGGCCTCTCATGCCAAGAGCCAGACTGCCAATGTCTTGTCAGCAAACGATGGCGAAACGGTTCGCGGGAGTGCACCCTGAAAT
MOCK-092,Synthetic_Generator,D. rerio,914,49.02,281978.8,CTCACTAATGGGTGGGCCCGGTAAGGTACACTAAGTCAGGGGAGAGCTTTGGCGGTGGTAGACTACTGCACCTCTCTAAAATGATTTAACCCCGAGAGTTCCACAGATCAGGCTTCCGCGTCGGTACATTGCGTTGGACTGTGCAAAAAGCAACCGATTCACGATCGTTGCACAATTAAGGGTTGCCGCAGTCTTTGTTCCGCACCACTTAATAACCAGACCGAGCAGGTGATTAGCTGCGCGAGTTTTGCGATTATATGACTTACCACCAAGGCCGTAACAAACAAGATACCTTAGTATTAATAACTTACGGAGCCTTGCCCTATTTTTGTGTGGCGCTCTCTAGTAGTGAGGCCAAGTCCGGGACCCAGAAGGACATCGCATAGGTCTGTACCGGCATCATTCCCTGCATATACTTATACTCGATTCTCCTTTACCTAATGCTCGCAAGGGCCACCACCCGATTTACTCCGGACAGGGCCGATTATAGAGCTCAAAAGAGCCGTAGCAGGCTATATACGGCTTTGAGTTAAAAGCATAACAACGCGGTAAATGTCTGATGGCTCACGCGATGTAATCCACACGTTATGGCGCGTTGCGGTCGGATCGTTCGGTCGCGCGGCTTCGAACGGCTTGTGTGTCCGTTTTGTTCAACTATCCGTGTTCCTTATGTTCCACGTCCTTTCCCTTCTGCTGAAGCCTAATAGTCAAAGCAGCAAGGTCTTACTGTCACTAACTGCCGTCACACCGACCCGCAGCTGTTGTGTGCATTTTACGTATACCAAATGCCGTACATTATAAGGTTTAGGTTGGCTAGAAAAAAATCGGATGAGGATCAAAGAACTGAGCCCTTGCTCTCGCCCCTGTACCAGCAAAGTAATTTGATATGTACTAAGACCCAACTGACACCCCCG
MOCK-093,Synthetic_Generator,S. cerevisiae,801,50.06,247201.2,GGAACCATATTGTCAGATACATTCACAGACGCAATCGTTCGACCAAGGGCATCCGGGGCCCGAACCCCTGCCAAGAATCCAAGGGATATCTCAGAAGGGTGGCTCCAACTTTGGAGATCCGAAATGGACGCCCGGCTCCCAAATAGCTCTGATCGTACTGTGTATACATGGTACCACTTTGTGCAGTGCCCAGTGTTGCCAGAGAGACACGCCCCACGAGATCCTCCTGGAGAAAAAGGTGGTTCAGTTCTGATTGGTAGAGCACGCTGGTCGCTTAATACTTATCCGTGAGCAGTTTACACAAAGTGCACCATCTAGCACTGCTAACTAGTATGAAAAGCTAGGCGCGCCTATCAAGATCAAATCAGCTTGAAGGATTGGTCGCCCGGCAGTCTCCAGGGTTCCAGCCGGGCTAAACAATCGGCTACTTCCCAATGGCTGATTAACAAGACTTGAGGTCGTTAATCCCATGCGTCGTTAGTCCTATGCCGGAATCTTGACAGTGCATGTGCCCCACACTACTTTGCTGTCATGGAAGAAGCTCATTCTACAAAGTGGTTAAATACCGATCTAAACCCCTGGCCAAATTAGAACTGGATGAGCTAATCAGGACTGGGCCATCCGAGTGAGAGTAACTGAATTAGGACGGAAAGTTGGTTACTCGCGCCCCACAGTCTGATGAGGGACCTCAGTCTATTAGGTCTACGGCAAAATGCTCGTGTGTTCACGCAATAATCCCAACGTTACCCCAAACGCCCACAATAGCGCCTTATTCATTCTTGCGCGCCCAACCAATAAACC
MOCK-094,Synthetic_Generator,S. cerevisiae,562,49.29,173500.4,AATTAGCGAGCCACGTCGAAATTATGCAATCTTAACACCTATAAAGCATTACGCAAATGTTAACGCCGGACTCATTACGTTTGGACCAAGTTGCCTCAGTTTCAGGCCCTCGTGCGAGGACATTTTACACGCGGATGTGGGCGCCGATGTCGCCTGCCTTTAGCACCGGGTACCAGAATCATACTAACTGTCAAAACAACTATATTAGCCTGAGACATCACGGCGTGCCCTGGTATACACCAATCTCAACGGTAAGTTGTATTTACAGTGTCAGAACAGGGTTACTGCTCTGCGTATCTGAAATGGTATAAGTTGCCTTGGTCGATTTGCACATACAGTCGCTACTGATTGGCATTGGGCATTAGGCATTCCCGCCAAACGGCAGGTCACGTTAGGTGAATAGAAACCGTATAATGTGACTCGCTTAGCCGCCTTGAGGGGCGCCCGGTTTATAGACGACCCATGGCGCGAAGTTTGCCTATTACGTTGCCGTTTAAAGACGCTCGTACTATCGACCTCGACTCCTGCGAACCAAGTGGCGTCCAAGAAGACCCAGTTCCCA
MOCK-095,Synthetic_Generator,B. subtilis,293,48.81,90772.6,TGTGTGAATGTCACTCTCGTGGAGAGAATGTAACCGGTTAACCATCTTTTCGAACCAAACAAGCATCAAGGCAAGCTATTGGGAGGCATCTTCGACCCACCAGGGAGTACCGACGTGCGTCGTACCCTAGAGAAACCAATCAAGACAGAAGACGCGTCAGTACGAGGAGCTCAACGTCCGGTCATAAAGCACCAGCTCAAAATACCAATGCAAGTGTCGAATTACAAAACGAATCGGGACGCGGTGGACTACAGGTGAGTACTTTAACGGATGCACTGTTCTAAAACGTCCTG
MOCK-096,Synthetic_Generator,S. cerevisiae,635,48.66,196091.0,CCATAACCCAAAGGGCTCCTAGGATAGTCCCATCGGCAAGGGCTATTCCAATACTATAAAGAGCAAGGGCCTTGCCAGCACCCTCTTAACTCTTGTTATTGTGCGACTTTCCAGCACGATTGCAGATTGCTACGGAGCCGCGCCAAAAGACGATTGTTAGTAACCCTATTCTTGGTCTTATCATGCTCCGCTTGATGTCTAGTCGACGGGCGCCATCTGAGAACCCTCCCGGTAGATTTACAAACAAGTCATACGCTATCACTTATAGTGCATACATAGGGTTCTACGTATCTCGCCACTAACACTCGAAGCGAGATTGAAGATTAGTCCCACATACAGCACGTGTAAGCTGGTTTTTTGGAGAGTTTCCCACCTGAGTTGACACATGCTGTTTTCTGTGAGCATCCCGCCCTTTTCGGCAAATACGAACAACTGAGGTCGCTAAACAGGTAGCTGACTAAGCACTAGCCCAGGCTGATCACTGGTGGTTCTCGGGCACAGGGGGGGTAGTTATTTATACGGAGCGGATGGTCGTATTTAGTAACCCAATTACTGTAATATGGGGCGTAACAACCTCCCGGTGTGTCTTCCCTTGGATAGACTAGCAAATCAGACAATGTTGGCGCGGGGCATTA
MOCK-097,Synthetic_Generator,E. coli,696,50.29,215314.2,GTACCAGCCTAGGAGCAATAATGGTCAAAAACGGAAGGGCTAGAGTGCAGGCAACTCCTGTCTAGCGGTGCTGCGTGACTTGGAAATGAATTTGGAAGGAATGTGCGACCAAGGAAGCTCAGATTATGATATTTGCCATACACCAGACGCGTTGTTGGACTGCGAAGAACCTTGATCTTCCCTAACTGTTCGACGATGCGAACTGGAACTGGTCTCGCTACGGAGGCGTGTTTTATGTATAACAGAAGGAGCGCGCTCGAGTAATGAAACGGCAACCCTAGCGCCGCGCTCATAGATATTTCGACTTAACCAACGGGGCTGTAGCGATTTATAACTCGTGCACGCCATCTGATTCCTGGACTGATCTGGAAGTTTGGTAGTCAATCCGCTAAGGAAACCTTCTGCGTAAGGGGACAATTCGTATCTTATGTGTTAGATCAGAGACACCCTGTGTTGATCGTACTTAACTACCCTGCCCTGATAACGGACGCTAGCAAGGGCTGACGATTGTTGATTAGATCAAACTATCCAGCGTCACAATGCGTTGCTTATTCAGCGTCGCACCCCCACGGGCAGGACGCAGAACCCTTTAGTATCCGGCATACCTGGAGCCCGAGCGTCAGTCGAAGCTACAGGAGCCTCGGTGCGCACAACCACTCTCATTGTTTTTTTTCCGGCGTAAACACTGGTCAAGCC
MOCK-098,Synthetic_Generator,E. coli,879,54.27,272209.8,GGGGGTGTGCTTAGGGCAAAATCTGACTAAGAGACACCTTTAAAGGGTGCGAGATAGAAACCCTAAACACTTCATCACAATGCCGACATGCGGGTCAAATTCGCCTATGCTTCCAGCGCTTACGAATATTCGGGTCAAATTAGCAGCAAGAGTCCCGCCGGGCCCTGTTCGATATCCAACAGCCAACGCGTATTCGATAATGATCACGCCTAGCTTAACAAACAACGCCTGCCCCGAGAAGGTATCGCGATTCATTGCTCGAAGCGGGGGATGAGCTGGCAGGGACGAATTGGGCCACAACATGCCGTTGTACACGTGAACAACTGATTATGCGTGGGGGTACAGCTGGTTGTGGACTGGTAGTACGGGTGTCGATAGTAGGTCTGAAGCGCCTGTCCGGATTCCGGGAGTGGGCAGGTCGTAGGAATTCTGGGAGTCAGGCACCCGTCGTACACGTCGGAGCAATCTAGCACCGTCTAGGGTGGTGTAGGAGGACGCCACATGGTTCTCAACAGTAATTGGGAGCCCCACTATGGGTTGCGGCCTTTAAAACATCTCCATGGTGGATGGCGTATAAATGGATCCTCGTCTGCTTCCCAGCGATTAAGTTTTACAGTTTGGGCACTCCGCTCCCGGGACCATTCCTGCCATGCTGAGCCAAAATCGGCGCCGGAACTTCAGGCCCTCACGCTAGATGGGGGTAATTAGGAACCCATGACAGGATGCCTCACCCATAGGCGATCCATGCCGAAGTCGCACGCATAACCAGCCGAACAAGGAGGCGGTATCTCCACGCGAGTCGCTTTTCCCGCCTAGAGGTCGGTTTTTCGATGGTCAGCCACTCGTACTCGAACGTGCCGGGCTTTATTGTGTCGGTAT
MOCK-099,Synthetic_Generator,B. subtilis,999,49.35,308867.8,AGCAACAACATTATATGTAACTCCCGTAACTTGTATCGGTGCACCTGACCGGAGAAGATTCGGTTAAACCGCGACTCACCCGCTGAGAATGCTGTTGGGTCCGCCCCGAACTAGTCATTGCTCGCTGACCTACCACCTCGGTTAGATCGCAGGGTCGCGGAATAACCAGGTGTGTACAAGATCCTCGAACAGTGATTTTAGGAAATGTGAGGCATAAACATAGTATCCAATCCTCCGTGGAAAAAGGCGGCCATAGTGGCATTTTGCCTGTTCAAACGGAGGCCACGTTTCCATGATGGACTAATTCAATTGGGGAACTCACTCAAGTTTCTAGTGCGGTGTGGATTAACTACCCAAGACAGAGTATGAGCCATTCAACTCACAACTTTATTTCCCATGATGGAGGGTAACTGTAGCATGGTTAGTAACAGGCCATATCATGGAACCAGCCGGGTCAGGGGAGTTTATTTGCGCAGTAATTTCCTTGTTGCAGCATAACACGCAGGAGATCCCTGGTTTTGAGATTAATAAACAAGTGAGCAAAAAGGAACTGTTGACGAAATCGGCGATGCGGGGCATGTGGGGCAATGGAAGACAACTGTCCTAACATCTACACGAACCGGCATACCGTTCCACCCGAGCGGAGTCCGCCATGTGTCACAAATCCATCCAGTTAGGGCAATCTAGTCGCCGATGACCAGGGGACTCTAGGCTGTATTCAGCGCATTTCTGGTAATACGTAGTCCGGTCGTAGAGGATACCGTTTATCTTTTTGTGTCCCACAATCACGAGGAGAAAGGAGGCACTGACATATACGTATCTAGCGTAGGTCGAGATTAGGGTGTTGATAAAATGTCCGCTACTCGTTATTGGACCACGTAGTACCACCTGAAGACGAATAAGCTACCCCCGCCCCTCAGCCAAACCCGAATACGCCGCACACGGATTGGGTCACCGGAAGCTTATCCATCACATGCACTATACGCGCACCGCTCCATC
